email,username,image_url,password,bio,header_image_url,location
ronald38@yahoo.com,tuckerdiane,https://randomuser.me/api/portraits/men/80.jpg,$2b$12$Q1PUFjhN/AWRQ21LbGYvjeLpZZB6lfZ1BPwifHALGO6oIbyC3CmJe,Movement later fund employee site turn.,https://splashbase.s3.amazonaws.com/unsplash/regular/tumblr_mo2x3aAnRH1st5lhmo1_1280.jpg,Garrettburgh
richard65@martin.net,edward88,https://randomuser.me/api/portraits/lego/5.jpg,$2b$12$Q1PUFjhN/AWRQ21LbGYvjeLpZZB6lfZ1BPwifHALGO6oIbyC3CmJe,Decision professional real each citizen level.,https://splashbase.s3.amazonaws.com/unsplash/regular/tumblr_mo2xijE2nr1st5lhmo1_1280.jpg,South Aprilmouth
helen38@hotmail.com,joanna15,https://randomuser.me/api/portraits/women/6.jpg,$2b$12$Q1PUFjhN/AWRQ21LbGYvjeLpZZB6lfZ1BPwifHALGO6oIbyC3CmJe,Maybe key community young ahead.,https://splashbase.s3.amazonaws.com/unsplash/regular/tumblr_mnh17lfd9R1st5lhmo1_1280.jpg,South Kellymouth
mcdonaldjohn@parks-miller.com,kwilliams,https://randomuser.me/api/portraits/lego/3.jpg,$2b$12$Q1PUFjhN/AWRQ21LbGYvjeLpZZB6lfZ1BPwifHALGO6oIbyC3CmJe,Hotel together show gas seven.,https://splashbase.s3.amazonaws.com/unsplash/regular/tumblr_mp6rzyNlAN1st5lhmo1_1280.jpg,New Harry
ljohnson@grimes-stevens.net,palmermichael,https://randomuser.me/api/portraits/women/97.jpg,$2b$12$Q1PUFjhN/AWRQ21LbGYvjeLpZZB6lfZ1BPwifHALGO6oIbyC3CmJe,Cell itself institution couple should.,https://splashbase.s3.amazonaws.com/unsplash/regular/tumblr_mo1h6tGOZf1st5lhmo1_1280.jpg,New Candiceburgh
angelicaparker@nguyen.com,becklinda,https://randomuser.me/api/portraits/lego/5.jpg,$2b$12$Q1PUFjhN/AWRQ21LbGYvjeLpZZB6lfZ1BPwifHALGO6oIbyC3CmJe,Concern phone sport whatever professor material.,https://splashbase.s3.amazonaws.com/unsplash/regular/tumblr_mnh1d7s3UD1st5lhmo1_1280.jpg,Jessicaton
laura85@barrett-hunter.com,pattersonangela,https://randomuser.me/api/portraits/men/50.jpg,$2b$12$Q1PUFjhN/AWRQ21LbGYvjeLpZZB6lfZ1BPwifHALGO6oIbyC3CmJe,Experience at Republican party large option project.,https://splashbase.s3.amazonaws.com/unsplash/regular/tumblr_mnh2m1hnS81st5lhmo1_1280.jpg,Heatherside
murphyjohn@hernandez-beard.info,crawfordshawn,https://randomuser.me/api/portraits/men/17.jpg,$2b$12$Q1PUFjhN/AWRQ21LbGYvjeLpZZB6lfZ1BPwifHALGO6oIbyC3CmJe,Resource source beyond beautiful product add mention.,https://splashbase.s3.amazonaws.com/unsplash/regular/tumblr_mpp6f50W261st5lhmo1_1280.jpg,Lake Lindaburgh
bgray@hotmail.com,psampson,https://randomuser.me/api/portraits/men/74.jpg,$2b$12$Q1PUFjhN/AWRQ21LbGYvjeLpZZB6lfZ1BPwifHALGO6oIbyC3CmJe,Figure seat everybody agency.,https://splashbase.s3.amazonaws.com/unsplash/regular/tumblr_mp6s32zb6l1st5lhmo1_1280.jpg,Robertsstad
tatemallory@sanford-armstrong.com,wrightgeorge,https://randomuser.me/api/portraits/women/52.jpg,$2b$12$Q1PUFjhN/AWRQ21LbGYvjeLpZZB6lfZ1BPwifHALGO6oIbyC3CmJe,Often beyond enough why.,https://splashbase.s3.amazonaws.com/unsplash/regular/tumblr_mo2xijE2nr1st5lhmo1_1280.jpg,East Michellemouth
lauraconner@hotmail.com,webbmark,https://randomuser.me/api/portraits/women/7.jpg,$2b$12$Q1PUFjhN/AWRQ21LbGYvjeLpZZB6lfZ1BPwifHALGO6oIbyC3CmJe,Spring language his several drop.,https://splashbase.s3.amazonaws.com/unsplash/regular/tumblr_mp6scv2xrZ1st5lhmo1_1280.jpg,Rhondafort
bookerricky@gmail.com,veronicahaynes,https://randomuser.me/api/portraits/women/61.jpg,$2b$12$Q1PUFjhN/AWRQ21LbGYvjeLpZZB6lfZ1BPwifHALGO6oIbyC3CmJe,Term left view.,https://splashbase.s3.amazonaws.com/unsplash/regular/tumblr_mo2xgqdEFn1st5lhmo1_1280.jpg,Port William
murphytimothy@yahoo.com,stacymartin,https://randomuser.me/api/portraits/men/44.jpg,$2b$12$Q1PUFjhN/AWRQ21LbGYvjeLpZZB6lfZ1BPwifHALGO6oIbyC3CmJe,Arrive indicate finally.,https://splashbase.s3.amazonaws.com/unsplash/regular/tumblr_mnh0uemhCk1st5lhmo1_1280.jpg,Wandaberg
timothyritter@gmail.com,mendozabrian,https://randomuser.me/api/portraits/men/56.jpg,$2b$12$Q1PUFjhN/AWRQ21LbGYvjeLpZZB6lfZ1BPwifHALGO6oIbyC3CmJe,Result team myself western past movie enough.,https://splashbase.s3.amazonaws.com/unsplash/regular/tumblr_mp6scv2xrZ1st5lhmo1_1280.jpg,Petersberg
christophersims@castaneda-soto.com,wjefferson,https://randomuser.me/api/portraits/men/12.jpg,$2b$12$Q1PUFjhN/AWRQ21LbGYvjeLpZZB6lfZ1BPwifHALGO6oIbyC3CmJe,Start decision go lay.,https://splashbase.s3.amazonaws.com/unsplash/regular/tumblr_mnh25vNOvI1st5lhmo1_1280.jpg,North Katherinechester
gcherry@mclaughlin.com,kingdonna,https://randomuser.me/api/portraits/women/31.jpg,$2b$12$Q1PUFjhN/AWRQ21LbGYvjeLpZZB6lfZ1BPwifHALGO6oIbyC3CmJe,View beat service history field.,https://splashbase.s3.amazonaws.com/unsplash/regular/tumblr_mnh29fxz111st5lhmo1_1280.jpg,Lake Roberttown
brian35@lopez.com,andersontroy,https://randomuser.me/api/portraits/men/58.jpg,$2b$12$Q1PUFjhN/AWRQ21LbGYvjeLpZZB6lfZ1BPwifHALGO6oIbyC3CmJe,Ever late future.,https://splashbase.s3.amazonaws.com/unsplash/regular/tumblr_mp6scv2xrZ1st5lhmo1_1280.jpg,Chenstad
terrydestiny@ramos.net,zwilkins,https://randomuser.me/api/portraits/women/34.jpg,$2b$12$Q1PUFjhN/AWRQ21LbGYvjeLpZZB6lfZ1BPwifHALGO6oIbyC3CmJe,Role letter site chair pretty coach.,https://splashbase.s3.amazonaws.com/unsplash/regular/tumblr_mnh1uhYnog1st5lhmo1_1280.jpg,East Charlesberg
scottlori@hotmail.com,ashley13,https://randomuser.me/api/portraits/men/48.jpg,$2b$12$Q1PUFjhN/AWRQ21LbGYvjeLpZZB6lfZ1BPwifHALGO6oIbyC3CmJe,Form nearly win hit tend society agree.,https://splashbase.s3.amazonaws.com/unsplash/regular/tumblr_mnh25vNOvI1st5lhmo1_1280.jpg,West Travisfort
hjones@murphy-jacobs.net,tiffanywilson,https://randomuser.me/api/portraits/lego/6.jpg,$2b$12$Q1PUFjhN/AWRQ21LbGYvjeLpZZB6lfZ1BPwifHALGO6oIbyC3CmJe,Region citizen pressure trip.,https://splashbase.s3.amazonaws.com/unsplash/regular/tumblr_mnh1jdFvHR1st5lhmo1_1280.jpg,New Jared
lthomas@gmail.com,qsmith,https://randomuser.me/api/portraits/men/41.jpg,$2b$12$Q1PUFjhN/AWRQ21LbGYvjeLpZZB6lfZ1BPwifHALGO6oIbyC3CmJe,Company space end.,https://splashbase.s3.amazonaws.com/unsplash/regular/tumblr_mnh25vNOvI1st5lhmo1_1280.jpg,Joseburgh
larsondavid@yahoo.com,sanchezangela,https://randomuser.me/api/portraits/men/39.jpg,$2b$12$Q1PUFjhN/AWRQ21LbGYvjeLpZZB6lfZ1BPwifHALGO6oIbyC3CmJe,Country cover commercial billion.,https://splashbase.s3.amazonaws.com/unsplash/regular/tumblr_mopq4kHmAg1st5lhmo1_1280.jpg,Hamiltonbury
karen78@miller-tyler.com,liulauren,https://randomuser.me/api/portraits/men/90.jpg,$2b$12$Q1PUFjhN/AWRQ21LbGYvjeLpZZB6lfZ1BPwifHALGO6oIbyC3CmJe,Wall yes between main.,https://splashbase.s3.amazonaws.com/unsplash/regular/tumblr_mnh25vNOvI1st5lhmo1_1280.jpg,Cardenasburgh
zbowman@hotmail.com,omartinez,https://randomuser.me/api/portraits/women/12.jpg,$2b$12$Q1PUFjhN/AWRQ21LbGYvjeLpZZB6lfZ1BPwifHALGO6oIbyC3CmJe,Street human expert culture.,https://splashbase.s3.amazonaws.com/unsplash/regular/tumblr_mopqamedKu1st5lhmo1_1280.jpg,Heatherbury
adam18@rodriguez.net,bhill,https://randomuser.me/api/portraits/men/38.jpg,$2b$12$Q1PUFjhN/AWRQ21LbGYvjeLpZZB6lfZ1BPwifHALGO6oIbyC3CmJe,Drug leave blood world because theory phone event.,https://splashbase.s3.amazonaws.com/unsplash/regular/tumblr_mpp6tjdFhf1st5lhmo1_1280.jpg,East Andrew
bpoole@hanna-adams.com,thomas50,https://randomuser.me/api/portraits/men/67.jpg,$2b$12$Q1PUFjhN/AWRQ21LbGYvjeLpZZB6lfZ1BPwifHALGO6oIbyC3CmJe,Theory notice guess behind weight.,https://splashbase.s3.amazonaws.com/unsplash/regular/tumblr_mo2xdqmle51st5lhmo1_1280.jpg,Waltersborough
randy24@house.com,gomezrobert,https://randomuser.me/api/portraits/women/58.jpg,$2b$12$Q1PUFjhN/AWRQ21LbGYvjeLpZZB6lfZ1BPwifHALGO6oIbyC3CmJe,Book shoulder similar.,https://splashbase.s3.amazonaws.com/unsplash/regular/tumblr_mp6s7lR1lS1st5lhmo1_1280.jpg,Emilymouth
marylee@walker-garcia.com,nicholastate,https://randomuser.me/api/portraits/women/26.jpg,$2b$12$Q1PUFjhN/AWRQ21LbGYvjeLpZZB6lfZ1BPwifHALGO6oIbyC3CmJe,Late international management bag firm rather particularly.,https://splashbase.s3.amazonaws.com/unsplash/regular/tumblr_mopq69jlcS1st5lhmo1_1280.jpg,North Aaron
bryantrachel@yahoo.com,carneylori,https://randomuser.me/api/portraits/women/33.jpg,$2b$12$Q1PUFjhN/AWRQ21LbGYvjeLpZZB6lfZ1BPwifHALGO6oIbyC3CmJe,Wall bank yes themselves radio him.,https://splashbase.s3.amazonaws.com/unsplash/regular/tumblr_mopq8fyQwI1st5lhmo1_1280.jpg,Cochranbury
petersonbrendan@brown.org,jamie01,https://randomuser.me/api/portraits/women/53.jpg,$2b$12$Q1PUFjhN/AWRQ21LbGYvjeLpZZB6lfZ1BPwifHALGO6oIbyC3CmJe,Trade put drop yard.,https://splashbase.s3.amazonaws.com/unsplash/regular/tumblr_mp6sasSvPZ1st5lhmo1_1280.jpg,Adamborough
kimberlykim@jones.info,qwilson,https://randomuser.me/api/portraits/men/47.jpg,$2b$12$Q1PUFjhN/AWRQ21LbGYvjeLpZZB6lfZ1BPwifHALGO6oIbyC3CmJe,Shake western professor American.,https://splashbase.s3.amazonaws.com/unsplash/regular/tumblr_mpp6poZxE51st5lhmo1_1280.jpg,South Theresa
smithallen@hooper-cruz.com,rebeccarubio,https://randomuser.me/api/portraits/women/80.jpg,$2b$12$Q1PUFjhN/AWRQ21LbGYvjeLpZZB6lfZ1BPwifHALGO6oIbyC3CmJe,Important work evening manage manage age and carry.,https://splashbase.s3.amazonaws.com/unsplash/regular/tumblr_mpp6w0dxAm1st5lhmo1_1280.jpg,East Maryburgh
dmoon@gmail.com,barryjodi,https://randomuser.me/api/portraits/lego/2.jpg,$2b$12$Q1PUFjhN/AWRQ21LbGYvjeLpZZB6lfZ1BPwifHALGO6oIbyC3CmJe,Point many box in trade develop ever agree.,https://splashbase.s3.amazonaws.com/unsplash/regular/tumblr_mnh0uemhCk1st5lhmo1_1280.jpg,New Oscarmouth
rcampos@french.com,elizabethhale,https://randomuser.me/api/portraits/women/90.jpg,$2b$12$Q1PUFjhN/AWRQ21LbGYvjeLpZZB6lfZ1BPwifHALGO6oIbyC3CmJe,Movie manage various technology report development when.,https://splashbase.s3.amazonaws.com/unsplash/regular/tumblr_mp6sasSvPZ1st5lhmo1_1280.jpg,North Renee
jonathansanders@yahoo.com,gclark,https://randomuser.me/api/portraits/women/60.jpg,$2b$12$Q1PUFjhN/AWRQ21LbGYvjeLpZZB6lfZ1BPwifHALGO6oIbyC3CmJe,According sound piece soon himself single back.,https://splashbase.s3.amazonaws.com/unsplash/regular/tumblr_mp6scv2xrZ1st5lhmo1_1280.jpg,Bettyshire
hevans@gmail.com,nicholasmorgan,https://randomuser.me/api/portraits/men/7.jpg,$2b$12$Q1PUFjhN/AWRQ21LbGYvjeLpZZB6lfZ1BPwifHALGO6oIbyC3CmJe,Protect away central provide result.,https://splashbase.s3.amazonaws.com/unsplash/regular/tumblr_mopq8fyQwI1st5lhmo1_1280.jpg,Robinchester
iprince@russell-fletcher.biz,fwilliams,https://randomuser.me/api/portraits/women/38.jpg,$2b$12$Q1PUFjhN/AWRQ21LbGYvjeLpZZB6lfZ1BPwifHALGO6oIbyC3CmJe,Personal number partner.,https://splashbase.s3.amazonaws.com/unsplash/regular/tumblr_mopqdfx05t1st5lhmo1_1280.jpg,Lake Emily
qmurray@hernandez.com,melissarandolph,https://randomuser.me/api/portraits/women/51.jpg,$2b$12$Q1PUFjhN/AWRQ21LbGYvjeLpZZB6lfZ1BPwifHALGO6oIbyC3CmJe,Third generation give skill without response safe.,https://splashbase.s3.amazonaws.com/unsplash/regular/tumblr_mnh2m1hnS81st5lhmo1_1280.jpg,Christopherfort
jmiles@yahoo.com,amanda84,https://randomuser.me/api/portraits/women/89.jpg,$2b$12$Q1PUFjhN/AWRQ21LbGYvjeLpZZB6lfZ1BPwifHALGO6oIbyC3CmJe,Out surface push interview federal.,https://splashbase.s3.amazonaws.com/unsplash/regular/tumblr_mnh1uhYnog1st5lhmo1_1280.jpg,Longburgh
anthony01@cook.org,steven86,https://randomuser.me/api/portraits/men/96.jpg,$2b$12$Q1PUFjhN/AWRQ21LbGYvjeLpZZB6lfZ1BPwifHALGO6oIbyC3CmJe,Record what save plan add keep.,https://splashbase.s3.amazonaws.com/unsplash/regular/tumblr_mopqj9QUeq1st5lhmo1_1280.jpg,Tashaberg
kkane@booth-flynn.com,brenda17,https://randomuser.me/api/portraits/men/61.jpg,$2b$12$Q1PUFjhN/AWRQ21LbGYvjeLpZZB6lfZ1BPwifHALGO6oIbyC3CmJe,Might north station step own wear stay.,https://splashbase.s3.amazonaws.com/unsplash/regular/tumblr_mnh1jdFvHR1st5lhmo1_1280.jpg,Seanfurt
myerspaul@morton.net,brendaaustin,https://randomuser.me/api/portraits/men/89.jpg,$2b$12$Q1PUFjhN/AWRQ21LbGYvjeLpZZB6lfZ1BPwifHALGO6oIbyC3CmJe,Total behavior attention.,https://splashbase.s3.amazonaws.com/unsplash/regular/tumblr_mp6scv2xrZ1st5lhmo1_1280.jpg,Acostaborough
james97@yahoo.com,kimberly43,https://randomuser.me/api/portraits/women/56.jpg,$2b$12$Q1PUFjhN/AWRQ21LbGYvjeLpZZB6lfZ1BPwifHALGO6oIbyC3CmJe,Begin money me young science.,https://splashbase.s3.amazonaws.com/unsplash/regular/tumblr_mnh29fxz111st5lhmo1_1280.jpg,East Gregorymouth
curtis28@gmail.com,hernandezdawn,https://randomuser.me/api/portraits/men/81.jpg,$2b$12$Q1PUFjhN/AWRQ21LbGYvjeLpZZB6lfZ1BPwifHALGO6oIbyC3CmJe,Treatment better little cover fact commercial.,https://splashbase.s3.amazonaws.com/unsplash/regular/tumblr_mopq69jlcS1st5lhmo1_1280.jpg,Dianeside
meverett@hotmail.com,zodom,https://randomuser.me/api/portraits/men/38.jpg,$2b$12$Q1PUFjhN/AWRQ21LbGYvjeLpZZB6lfZ1BPwifHALGO6oIbyC3CmJe,College scientist season member though outside develop.,https://splashbase.s3.amazonaws.com/unsplash/regular/tumblr_mopqdfx05t1st5lhmo1_1280.jpg,Bradleychester
tscott@hotmail.com,rubenwilliams,https://randomuser.me/api/portraits/men/87.jpg,$2b$12$Q1PUFjhN/AWRQ21LbGYvjeLpZZB6lfZ1BPwifHALGO6oIbyC3CmJe,Product seven power.,https://splashbase.s3.amazonaws.com/unsplash/regular/tumblr_mopqamedKu1st5lhmo1_1280.jpg,Lake Michealhaven
bruceandrew@hughes-scott.com,melvin12,https://randomuser.me/api/portraits/men/37.jpg,$2b$12$Q1PUFjhN/AWRQ21LbGYvjeLpZZB6lfZ1BPwifHALGO6oIbyC3CmJe,Health actually receive someone upon scene.,https://splashbase.s3.amazonaws.com/unsplash/regular/tumblr_mnh0n9pHJW1st5lhmo1_1280.jpg,Fosterstad
melissa17@wright.com,michaelhays,https://randomuser.me/api/portraits/women/97.jpg,$2b$12$Q1PUFjhN/AWRQ21LbGYvjeLpZZB6lfZ1BPwifHALGO6oIbyC3CmJe,Particular here for professor someone.,https://splashbase.s3.amazonaws.com/unsplash/regular/tumblr_mnh0n9pHJW1st5lhmo1_1280.jpg,Kendraville
wongjames@jenkins-black.info,nicolehughes,https://randomuser.me/api/portraits/men/46.jpg,$2b$12$Q1PUFjhN/AWRQ21LbGYvjeLpZZB6lfZ1BPwifHALGO6oIbyC3CmJe,By herself anything gun law.,https://splashbase.s3.amazonaws.com/unsplash/regular/tumblr_mpp6l06zXi1st5lhmo1_1280.jpg,Claireville
tiffanystevenson@trujillo.net,lorithomas,https://randomuser.me/api/portraits/men/90.jpg,$2b$12$Q1PUFjhN/AWRQ21LbGYvjeLpZZB6lfZ1BPwifHALGO6oIbyC3CmJe,Put will soon both beyond glass.,https://splashbase.s3.amazonaws.com/unsplash/regular/tumblr_mnh25vNOvI1st5lhmo1_1280.jpg,Brianberg
turnermarvin@ponce.com,michaellee,https://randomuser.me/api/portraits/men/66.jpg,$2b$12$Q1PUFjhN/AWRQ21LbGYvjeLpZZB6lfZ1BPwifHALGO6oIbyC3CmJe,Involve even tell.,https://splashbase.s3.amazonaws.com/unsplash/regular/tumblr_mnh0n9pHJW1st5lhmo1_1280.jpg,New Lisa
jeffreywatson@diaz-sandoval.com,carl05,https://randomuser.me/api/portraits/women/54.jpg,$2b$12$Q1PUFjhN/AWRQ21LbGYvjeLpZZB6lfZ1BPwifHALGO6oIbyC3CmJe,Much society bar face.,https://splashbase.s3.amazonaws.com/unsplash/regular/tumblr_mpp6f50W261st5lhmo1_1280.jpg,Jacobburgh
tina14@gmail.com,michael86,https://randomuser.me/api/portraits/men/78.jpg,$2b$12$Q1PUFjhN/AWRQ21LbGYvjeLpZZB6lfZ1BPwifHALGO6oIbyC3CmJe,Before forget analysis relationship than former easy economic.,https://splashbase.s3.amazonaws.com/unsplash/regular/tumblr_mopqc3ZZcz1st5lhmo1_1280.jpg,Graymouth
katherineyoung@hotmail.com,eedwards,https://randomuser.me/api/portraits/women/19.jpg,$2b$12$Q1PUFjhN/AWRQ21LbGYvjeLpZZB6lfZ1BPwifHALGO6oIbyC3CmJe,Inside early statement sit sense include current.,https://splashbase.s3.amazonaws.com/unsplash/regular/tumblr_mnh29fxz111st5lhmo1_1280.jpg,Hendersonland
gregory72@keller.com,sylvia55,https://randomuser.me/api/portraits/men/71.jpg,$2b$12$Q1PUFjhN/AWRQ21LbGYvjeLpZZB6lfZ1BPwifHALGO6oIbyC3CmJe,Beyond feel similar source change next family analysis.,https://splashbase.s3.amazonaws.com/unsplash/regular/tumblr_mo2wz2LTCs1st5lhmo1_1280.jpg,Lake Angelaview
wlee@jones.biz,afisher,https://randomuser.me/api/portraits/men/7.jpg,$2b$12$Q1PUFjhN/AWRQ21LbGYvjeLpZZB6lfZ1BPwifHALGO6oIbyC3CmJe,Water approach charge new most.,https://splashbase.s3.amazonaws.com/unsplash/regular/tumblr_mopqc3ZZcz1st5lhmo1_1280.jpg,West Krista
nathan58@smith-liu.net,aprilcolon,https://randomuser.me/api/portraits/women/65.jpg,$2b$12$Q1PUFjhN/AWRQ21LbGYvjeLpZZB6lfZ1BPwifHALGO6oIbyC3CmJe,Find mean pretty citizen discuss significant.,https://splashbase.s3.amazonaws.com/unsplash/regular/tumblr_mpp6w0dxAm1st5lhmo1_1280.jpg,Port Juan
brandi93@hotmail.com,nathanortiz,https://randomuser.me/api/portraits/women/52.jpg,$2b$12$Q1PUFjhN/AWRQ21LbGYvjeLpZZB6lfZ1BPwifHALGO6oIbyC3CmJe,Marriage box identify.,https://splashbase.s3.amazonaws.com/unsplash/regular/tumblr_mnh2m1hnS81st5lhmo1_1280.jpg,Port Douglasmouth
shanealvarez@floyd.com,brian15,https://randomuser.me/api/portraits/women/34.jpg,$2b$12$Q1PUFjhN/AWRQ21LbGYvjeLpZZB6lfZ1BPwifHALGO6oIbyC3CmJe,Real recognize friend today.,https://splashbase.s3.amazonaws.com/unsplash/regular/tumblr_mp6rzyNlAN1st5lhmo1_1280.jpg,Lake Charlesshire
hendersondiana@yahoo.com,yhogan,https://randomuser.me/api/portraits/men/85.jpg,$2b$12$Q1PUFjhN/AWRQ21LbGYvjeLpZZB6lfZ1BPwifHALGO6oIbyC3CmJe,Land whole difficult five happy painting particularly.,https://splashbase.s3.amazonaws.com/unsplash/regular/tumblr_mnh17lfd9R1st5lhmo1_1280.jpg,New Amandaborough
melissakane@hotmail.com,philip65,https://randomuser.me/api/portraits/men/43.jpg,$2b$12$Q1PUFjhN/AWRQ21LbGYvjeLpZZB6lfZ1BPwifHALGO6oIbyC3CmJe,Career smile tough now deep rule.,https://splashbase.s3.amazonaws.com/unsplash/regular/tumblr_mnh1uhYnog1st5lhmo1_1280.jpg,West Michael
michael98@guerrero.com,lynchnicole,https://randomuser.me/api/portraits/men/74.jpg,$2b$12$Q1PUFjhN/AWRQ21LbGYvjeLpZZB6lfZ1BPwifHALGO6oIbyC3CmJe,Relationship threat line character town hospital.,https://splashbase.s3.amazonaws.com/unsplash/regular/tumblr_mnh1jdFvHR1st5lhmo1_1280.jpg,South Edgar
rebecca22@gmail.com,amandataylor,https://randomuser.me/api/portraits/men/7.jpg,$2b$12$Q1PUFjhN/AWRQ21LbGYvjeLpZZB6lfZ1BPwifHALGO6oIbyC3CmJe,Huge suddenly end mind seek away.,https://splashbase.s3.amazonaws.com/unsplash/regular/tumblr_mopq4kHmAg1st5lhmo1_1280.jpg,Port Courtney
timothy94@bailey.com,baileycrystal,https://randomuser.me/api/portraits/men/69.jpg,$2b$12$Q1PUFjhN/AWRQ21LbGYvjeLpZZB6lfZ1BPwifHALGO6oIbyC3CmJe,Heart water able issue bed both executive pretty.,https://splashbase.s3.amazonaws.com/unsplash/regular/tumblr_mp6s1hAudo1st5lhmo1_1280.jpg,West Vanessachester
haysrachel@lopez-hartman.com,pricematthew,https://randomuser.me/api/portraits/women/57.jpg,$2b$12$Q1PUFjhN/AWRQ21LbGYvjeLpZZB6lfZ1BPwifHALGO6oIbyC3CmJe,Watch camera list majority.,https://splashbase.s3.amazonaws.com/unsplash/regular/tumblr_mopqdfx05t1st5lhmo1_1280.jpg,Port Jessicaport
dennis41@scott.com,ashley40,https://randomuser.me/api/portraits/women/51.jpg,$2b$12$Q1PUFjhN/AWRQ21LbGYvjeLpZZB6lfZ1BPwifHALGO6oIbyC3CmJe,Benefit better major citizen.,https://splashbase.s3.amazonaws.com/unsplash/regular/tumblr_mp6rzyNlAN1st5lhmo1_1280.jpg,Port Shannonville
evansheidi@combs-oneal.com,imarquez,https://randomuser.me/api/portraits/women/71.jpg,$2b$12$Q1PUFjhN/AWRQ21LbGYvjeLpZZB6lfZ1BPwifHALGO6oIbyC3CmJe,Participant democratic source call though.,https://splashbase.s3.amazonaws.com/unsplash/regular/tumblr_mo2xijE2nr1st5lhmo1_1280.jpg,Gregorymouth
barrettpatrick@gomez.org,krista81,https://randomuser.me/api/portraits/men/48.jpg,$2b$12$Q1PUFjhN/AWRQ21LbGYvjeLpZZB6lfZ1BPwifHALGO6oIbyC3CmJe,Go measure movie front leave total age.,https://splashbase.s3.amazonaws.com/unsplash/regular/tumblr_mnh0uemhCk1st5lhmo1_1280.jpg,Walterbury
fcooper@herman-williams.com,contreraskelly,https://randomuser.me/api/portraits/women/95.jpg,$2b$12$Q1PUFjhN/AWRQ21LbGYvjeLpZZB6lfZ1BPwifHALGO6oIbyC3CmJe,Medical toward improve stand light human.,https://splashbase.s3.amazonaws.com/unsplash/regular/tumblr_mpp6tjdFhf1st5lhmo1_1280.jpg,Fowlerstad
reyesmatthew@graham-ali.org,sherrywilson,https://randomuser.me/api/portraits/men/12.jpg,$2b$12$Q1PUFjhN/AWRQ21LbGYvjeLpZZB6lfZ1BPwifHALGO6oIbyC3CmJe,Artist entire there what much her.,https://splashbase.s3.amazonaws.com/unsplash/regular/tumblr_mo1h6tGOZf1st5lhmo1_1280.jpg,Port Keith
franklindaniel@sims.com,hollanddestiny,https://randomuser.me/api/portraits/men/17.jpg,$2b$12$Q1PUFjhN/AWRQ21LbGYvjeLpZZB6lfZ1BPwifHALGO6oIbyC3CmJe,Candidate recognize watch.,https://splashbase.s3.amazonaws.com/unsplash/regular/tumblr_mo1h6tGOZf1st5lhmo1_1280.jpg,North Scott
cathymarsh@yahoo.com,tami80,https://randomuser.me/api/portraits/men/10.jpg,$2b$12$Q1PUFjhN/AWRQ21LbGYvjeLpZZB6lfZ1BPwifHALGO6oIbyC3CmJe,Social hand performance arm.,https://splashbase.s3.amazonaws.com/unsplash/regular/tumblr_mopq8fyQwI1st5lhmo1_1280.jpg,Lynnport
clarkmartin@yahoo.com,zyoung,https://randomuser.me/api/portraits/women/4.jpg,$2b$12$Q1PUFjhN/AWRQ21LbGYvjeLpZZB6lfZ1BPwifHALGO6oIbyC3CmJe,Certain simply require begin plant.,https://splashbase.s3.amazonaws.com/unsplash/regular/tumblr_mopqhxFulr1st5lhmo1_1280.jpg,West Deborah
jackdaniels@burnett-stevens.com,kennethgriffith,https://randomuser.me/api/portraits/men/93.jpg,$2b$12$Q1PUFjhN/AWRQ21LbGYvjeLpZZB6lfZ1BPwifHALGO6oIbyC3CmJe,Stand investment bed food writer.,https://splashbase.s3.amazonaws.com/unsplash/regular/tumblr_mopqhxFulr1st5lhmo1_1280.jpg,Townsendview
baileyroger@harris.net,blackbeth,https://randomuser.me/api/portraits/women/53.jpg,$2b$12$Q1PUFjhN/AWRQ21LbGYvjeLpZZB6lfZ1BPwifHALGO6oIbyC3CmJe,Writer next stop world deal allow.,https://splashbase.s3.amazonaws.com/unsplash/regular/tumblr_mopqhxFulr1st5lhmo1_1280.jpg,West Joseph
margaretmccoy@hotmail.com,zperez,https://randomuser.me/api/portraits/men/18.jpg,$2b$12$Q1PUFjhN/AWRQ21LbGYvjeLpZZB6lfZ1BPwifHALGO6oIbyC3CmJe,Lot have large foreign even.,https://splashbase.s3.amazonaws.com/unsplash/regular/tumblr_mnh121HEWa1st5lhmo1_1280.jpg,Tinaport
kevin72@johnson.com,ylong,https://randomuser.me/api/portraits/women/19.jpg,$2b$12$Q1PUFjhN/AWRQ21LbGYvjeLpZZB6lfZ1BPwifHALGO6oIbyC3CmJe,Collection contain rich summer.,https://splashbase.s3.amazonaws.com/unsplash/regular/tumblr_mpp6gwrYvm1st5lhmo1_1280.jpg,West Sandra
jgarrison@yahoo.com,andreaanderson,https://randomuser.me/api/portraits/men/99.jpg,$2b$12$Q1PUFjhN/AWRQ21LbGYvjeLpZZB6lfZ1BPwifHALGO6oIbyC3CmJe,Still thing myself coach quality customer difficult.,https://splashbase.s3.amazonaws.com/unsplash/regular/tumblr_mnh1uhYnog1st5lhmo1_1280.jpg,Harrisville
williamlove@gmail.com,hstephenson,https://randomuser.me/api/portraits/women/98.jpg,$2b$12$Q1PUFjhN/AWRQ21LbGYvjeLpZZB6lfZ1BPwifHALGO6oIbyC3CmJe,Allow lose trouble next able charge debate.,https://splashbase.s3.amazonaws.com/unsplash/regular/tumblr_mnh121HEWa1st5lhmo1_1280.jpg,North Philipview
mary00@yahoo.com,mooreryan,https://randomuser.me/api/portraits/women/28.jpg,$2b$12$Q1PUFjhN/AWRQ21LbGYvjeLpZZB6lfZ1BPwifHALGO6oIbyC3CmJe,Game rest general believe worry radio.,https://splashbase.s3.amazonaws.com/unsplash/regular/tumblr_mopqfpSTPN1st5lhmo1_1280.jpg,Donnamouth
johnmorse@love.com,jessica34,https://randomuser.me/api/portraits/women/55.jpg,$2b$12$Q1PUFjhN/AWRQ21LbGYvjeLpZZB6lfZ1BPwifHALGO6oIbyC3CmJe,Worry more prove character know explain.,https://splashbase.s3.amazonaws.com/unsplash/regular/tumblr_mnh1uhYnog1st5lhmo1_1280.jpg,West Jenna
hilladriana@gmail.com,gardnerpatrick,https://randomuser.me/api/portraits/men/46.jpg,$2b$12$Q1PUFjhN/AWRQ21LbGYvjeLpZZB6lfZ1BPwifHALGO6oIbyC3CmJe,Technology newspaper attack list like thank lay.,https://splashbase.s3.amazonaws.com/unsplash/regular/tumblr_mpp6f50W261st5lhmo1_1280.jpg,Lambertville
michellechase@gmail.com,sdecker,https://randomuser.me/api/portraits/men/10.jpg,$2b$12$Q1PUFjhN/AWRQ21LbGYvjeLpZZB6lfZ1BPwifHALGO6oIbyC3CmJe,Open mind could democratic ten believe.,https://splashbase.s3.amazonaws.com/unsplash/regular/tumblr_mopqc3ZZcz1st5lhmo1_1280.jpg,Clementsburgh
willisbarry@yahoo.com,devin29,https://randomuser.me/api/portraits/men/72.jpg,$2b$12$Q1PUFjhN/AWRQ21LbGYvjeLpZZB6lfZ1BPwifHALGO6oIbyC3CmJe,Enjoy begin particularly write there.,https://splashbase.s3.amazonaws.com/unsplash/regular/tumblr_mopqj9QUeq1st5lhmo1_1280.jpg,Connermouth
bergpaige@hall.com,dshelton,https://randomuser.me/api/portraits/men/48.jpg,$2b$12$Q1PUFjhN/AWRQ21LbGYvjeLpZZB6lfZ1BPwifHALGO6oIbyC3CmJe,War high safe policy half chair trade.,https://splashbase.s3.amazonaws.com/unsplash/regular/tumblr_mopqhxFulr1st5lhmo1_1280.jpg,South Michael
kristin47@jones.com,reneemason,https://randomuser.me/api/portraits/women/48.jpg,$2b$12$Q1PUFjhN/AWRQ21LbGYvjeLpZZB6lfZ1BPwifHALGO6oIbyC3CmJe,Produce sit gas create black old consider.,https://splashbase.s3.amazonaws.com/unsplash/regular/tumblr_mo2xdqmle51st5lhmo1_1280.jpg,Maryshire
dwilson@martin.org,michaeladams,https://randomuser.me/api/portraits/lego/9.jpg,$2b$12$Q1PUFjhN/AWRQ21LbGYvjeLpZZB6lfZ1BPwifHALGO6oIbyC3CmJe,Rich close eight yeah however according opportunity.,https://splashbase.s3.amazonaws.com/unsplash/regular/tumblr_mp6s995bvI1st5lhmo1_1280.jpg,Melaniefort
jennifer38@gmail.com,williamsgina,https://randomuser.me/api/portraits/men/33.jpg,$2b$12$Q1PUFjhN/AWRQ21LbGYvjeLpZZB6lfZ1BPwifHALGO6oIbyC3CmJe,Teacher create bag want treatment.,https://splashbase.s3.amazonaws.com/unsplash/regular/tumblr_mpp6w0dxAm1st5lhmo1_1280.jpg,North Barbara
georgecarrie@hotmail.com,melaniejones,https://randomuser.me/api/portraits/women/58.jpg,$2b$12$Q1PUFjhN/AWRQ21LbGYvjeLpZZB6lfZ1BPwifHALGO6oIbyC3CmJe,Listen media military sit.,https://splashbase.s3.amazonaws.com/unsplash/regular/tumblr_mp6scv2xrZ1st5lhmo1_1280.jpg,Allisonstad
ericaortiz@gmail.com,rasmussenjenna,https://randomuser.me/api/portraits/lego/3.jpg,$2b$12$Q1PUFjhN/AWRQ21LbGYvjeLpZZB6lfZ1BPwifHALGO6oIbyC3CmJe,Color sport game television beautiful tend.,https://splashbase.s3.amazonaws.com/unsplash/regular/tumblr_mp6s4dzqHA1st5lhmo1_1280.jpg,Rodneybury
davidmacdonald@yahoo.com,williamslaura,https://randomuser.me/api/portraits/men/75.jpg,$2b$12$Q1PUFjhN/AWRQ21LbGYvjeLpZZB6lfZ1BPwifHALGO6oIbyC3CmJe,Impact bring sure these executive.,https://splashbase.s3.amazonaws.com/unsplash/regular/tumblr_mpp6poZxE51st5lhmo1_1280.jpg,Williamsfort
xespinoza@yahoo.com,mackenzie73,https://randomuser.me/api/portraits/men/2.jpg,$2b$12$Q1PUFjhN/AWRQ21LbGYvjeLpZZB6lfZ1BPwifHALGO6oIbyC3CmJe,Whether all institution air Democrat have.,https://splashbase.s3.amazonaws.com/unsplash/regular/tumblr_mnh121HEWa1st5lhmo1_1280.jpg,Port Jennifer
fproctor@hotmail.com,elizabeth99,https://randomuser.me/api/portraits/men/12.jpg,$2b$12$Q1PUFjhN/AWRQ21LbGYvjeLpZZB6lfZ1BPwifHALGO6oIbyC3CmJe,Hot far upon whether impact seat important.,https://splashbase.s3.amazonaws.com/unsplash/regular/tumblr_mp6s1hAudo1st5lhmo1_1280.jpg,Longborough
gwilliams@black.biz,benjamin66,https://randomuser.me/api/portraits/women/69.jpg,$2b$12$Q1PUFjhN/AWRQ21LbGYvjeLpZZB6lfZ1BPwifHALGO6oIbyC3CmJe,Purpose charge imagine what city value.,https://splashbase.s3.amazonaws.com/unsplash/regular/tumblr_mp6s32zb6l1st5lhmo1_1280.jpg,South Jasonfurt
singletonkimberly@hotmail.com,hancockbrandi,https://randomuser.me/api/portraits/women/51.jpg,$2b$12$Q1PUFjhN/AWRQ21LbGYvjeLpZZB6lfZ1BPwifHALGO6oIbyC3CmJe,Teacher man too before test.,https://splashbase.s3.amazonaws.com/unsplash/regular/tumblr_mp6s7lR1lS1st5lhmo1_1280.jpg,Villanuevahaven
chelsea22@yahoo.com,kleinjeremy,https://randomuser.me/api/portraits/men/22.jpg,$2b$12$Q1PUFjhN/AWRQ21LbGYvjeLpZZB6lfZ1BPwifHALGO6oIbyC3CmJe,Fact play grow up condition.,https://splashbase.s3.amazonaws.com/unsplash/regular/tumblr_mo2x9xqeef1st5lhmo1_1280.jpg,Johnside
gardnermaria@johnson.org,kristen84,https://randomuser.me/api/portraits/women/57.jpg,$2b$12$Q1PUFjhN/AWRQ21LbGYvjeLpZZB6lfZ1BPwifHALGO6oIbyC3CmJe,Young magazine woman other product hospital lead.,https://splashbase.s3.amazonaws.com/unsplash/regular/tumblr_mpp6f50W261st5lhmo1_1280.jpg,New Michaelside
smithmichelle@benton.com,louisbrady,https://randomuser.me/api/portraits/men/55.jpg,$2b$12$Q1PUFjhN/AWRQ21LbGYvjeLpZZB6lfZ1BPwifHALGO6oIbyC3CmJe,Turn born deep ahead way suddenly although Mrs.,https://splashbase.s3.amazonaws.com/unsplash/regular/tumblr_mp6s995bvI1st5lhmo1_1280.jpg,Davidhaven
allenrussell@murray.com,gomezcindy,https://randomuser.me/api/portraits/women/33.jpg,$2b$12$Q1PUFjhN/AWRQ21LbGYvjeLpZZB6lfZ1BPwifHALGO6oIbyC3CmJe,During language leave like institution religious.,https://splashbase.s3.amazonaws.com/unsplash/regular/tumblr_mnh1uhYnog1st5lhmo1_1280.jpg,Thompsonhaven
cbradshaw@gonzales.info,hortonmallory,https://randomuser.me/api/portraits/women/61.jpg,$2b$12$Q1PUFjhN/AWRQ21LbGYvjeLpZZB6lfZ1BPwifHALGO6oIbyC3CmJe,Back market mission.,https://splashbase.s3.amazonaws.com/unsplash/regular/tumblr_mopqkkwK2M1st5lhmo1_1280.jpg,Lake William
yjohnson@williams.org,joshuamckay,https://randomuser.me/api/portraits/women/98.jpg,$2b$12$Q1PUFjhN/AWRQ21LbGYvjeLpZZB6lfZ1BPwifHALGO6oIbyC3CmJe,Should like lot between.,https://splashbase.s3.amazonaws.com/unsplash/regular/tumblr_mopqdfx05t1st5lhmo1_1280.jpg,Desireestad
ymorgan@leon-hurst.org,jdavis,https://randomuser.me/api/portraits/lego/2.jpg,$2b$12$Q1PUFjhN/AWRQ21LbGYvjeLpZZB6lfZ1BPwifHALGO6oIbyC3CmJe,Friend smile study child kitchen station agency.,https://splashbase.s3.amazonaws.com/unsplash/regular/tumblr_mo1h6tGOZf1st5lhmo1_1280.jpg,Nicholasside
james51@gmail.com,michaeladriana,https://randomuser.me/api/portraits/women/46.jpg,$2b$12$Q1PUFjhN/AWRQ21LbGYvjeLpZZB6lfZ1BPwifHALGO6oIbyC3CmJe,Interview time difficult special when goal.,https://splashbase.s3.amazonaws.com/unsplash/regular/tumblr_mo2xijE2nr1st5lhmo1_1280.jpg,West Anthonyport
tammy50@gmail.com,hannahgregory,https://randomuser.me/api/portraits/women/49.jpg,$2b$12$Q1PUFjhN/AWRQ21LbGYvjeLpZZB6lfZ1BPwifHALGO6oIbyC3CmJe,Edge leave effect mind amount peace themselves.,https://splashbase.s3.amazonaws.com/unsplash/regular/tumblr_mp6s7lR1lS1st5lhmo1_1280.jpg,Adrianmouth
harrisnicole@gmail.com,wheelerdebra,https://randomuser.me/api/portraits/women/64.jpg,$2b$12$Q1PUFjhN/AWRQ21LbGYvjeLpZZB6lfZ1BPwifHALGO6oIbyC3CmJe,Red often course table.,https://splashbase.s3.amazonaws.com/unsplash/regular/tumblr_mp6s32zb6l1st5lhmo1_1280.jpg,Lake Francisco
ryanlandry@jackson.com,wesleyolsen,https://randomuser.me/api/portraits/women/45.jpg,$2b$12$Q1PUFjhN/AWRQ21LbGYvjeLpZZB6lfZ1BPwifHALGO6oIbyC3CmJe,Consider full garden citizen since our computer maybe.,https://splashbase.s3.amazonaws.com/unsplash/regular/tumblr_mpp6l06zXi1st5lhmo1_1280.jpg,West Jeffreyville
diana65@hotmail.com,heatherross,https://randomuser.me/api/portraits/women/60.jpg,$2b$12$Q1PUFjhN/AWRQ21LbGYvjeLpZZB6lfZ1BPwifHALGO6oIbyC3CmJe,Cost civil nearly laugh skill laugh pretty remain.,https://splashbase.s3.amazonaws.com/unsplash/regular/tumblr_mo1h6tGOZf1st5lhmo1_1280.jpg,North Raven
sparksmichelle@gmail.com,craig96,https://randomuser.me/api/portraits/men/47.jpg,$2b$12$Q1PUFjhN/AWRQ21LbGYvjeLpZZB6lfZ1BPwifHALGO6oIbyC3CmJe,Offer free two space seem something ability.,https://splashbase.s3.amazonaws.com/unsplash/regular/tumblr_mo2xgqdEFn1st5lhmo1_1280.jpg,Port Theodorebury
lmyers@hotmail.com,kathycarroll,https://randomuser.me/api/portraits/men/42.jpg,$2b$12$Q1PUFjhN/AWRQ21LbGYvjeLpZZB6lfZ1BPwifHALGO6oIbyC3CmJe,Father bed forward.,https://splashbase.s3.amazonaws.com/unsplash/regular/tumblr_mpp6w0dxAm1st5lhmo1_1280.jpg,North Timothybury
andersonsean@gmail.com,ekane,https://randomuser.me/api/portraits/women/65.jpg,$2b$12$Q1PUFjhN/AWRQ21LbGYvjeLpZZB6lfZ1BPwifHALGO6oIbyC3CmJe,Student message meeting drive almost certainly.,https://splashbase.s3.amazonaws.com/unsplash/regular/tumblr_mpp6gwrYvm1st5lhmo1_1280.jpg,Carlport
harrisjames@jackson.com,pellis,https://randomuser.me/api/portraits/men/10.jpg,$2b$12$Q1PUFjhN/AWRQ21LbGYvjeLpZZB6lfZ1BPwifHALGO6oIbyC3CmJe,Total management office baby range.,https://splashbase.s3.amazonaws.com/unsplash/regular/tumblr_mnh2m1hnS81st5lhmo1_1280.jpg,South Carla
mwilson@grant-cardenas.org,kristinparker,https://randomuser.me/api/portraits/men/93.jpg,$2b$12$Q1PUFjhN/AWRQ21LbGYvjeLpZZB6lfZ1BPwifHALGO6oIbyC3CmJe,Pressure particularly brother listen ever right you.,https://splashbase.s3.amazonaws.com/unsplash/regular/tumblr_mpp6l06zXi1st5lhmo1_1280.jpg,Johnsonmouth
everettrobert@wilson-hutchinson.org,houstonstephanie,https://randomuser.me/api/portraits/women/62.jpg,$2b$12$Q1PUFjhN/AWRQ21LbGYvjeLpZZB6lfZ1BPwifHALGO6oIbyC3CmJe,Set as range trouble.,https://splashbase.s3.amazonaws.com/unsplash/regular/tumblr_mopq8fyQwI1st5lhmo1_1280.jpg,Lake Donna
perrychristine@gray.com,waltermichael,https://randomuser.me/api/portraits/women/19.jpg,$2b$12$Q1PUFjhN/AWRQ21LbGYvjeLpZZB6lfZ1BPwifHALGO6oIbyC3CmJe,Recognize offer after science range collection night.,https://splashbase.s3.amazonaws.com/unsplash/regular/tumblr_mnh0uemhCk1st5lhmo1_1280.jpg,Debbieburgh
floresabigail@gmail.com,bartonannette,https://randomuser.me/api/portraits/women/20.jpg,$2b$12$Q1PUFjhN/AWRQ21LbGYvjeLpZZB6lfZ1BPwifHALGO6oIbyC3CmJe,Tough century realize another program.,https://splashbase.s3.amazonaws.com/unsplash/regular/tumblr_mo2xbk8JUK1st5lhmo1_1280.jpg,Lake Christopherchester
millerjennifer@powell-dillon.com,baileyashley,https://randomuser.me/api/portraits/women/95.jpg,$2b$12$Q1PUFjhN/AWRQ21LbGYvjeLpZZB6lfZ1BPwifHALGO6oIbyC3CmJe,Than less left method.,https://splashbase.s3.amazonaws.com/unsplash/regular/tumblr_mo2xgqdEFn1st5lhmo1_1280.jpg,East Jameschester
vking@yahoo.com,stephaniegarcia,https://randomuser.me/api/portraits/men/66.jpg,$2b$12$Q1PUFjhN/AWRQ21LbGYvjeLpZZB6lfZ1BPwifHALGO6oIbyC3CmJe,Part economic public realize again TV.,https://splashbase.s3.amazonaws.com/unsplash/regular/tumblr_mopq8fyQwI1st5lhmo1_1280.jpg,West Kimberlychester
crosstrevor@ross-velez.com,ocastillo,https://randomuser.me/api/portraits/men/96.jpg,$2b$12$Q1PUFjhN/AWRQ21LbGYvjeLpZZB6lfZ1BPwifHALGO6oIbyC3CmJe,All cut sister.,https://splashbase.s3.amazonaws.com/unsplash/regular/tumblr_mopqkkwK2M1st5lhmo1_1280.jpg,Lanetown
alexanderpowers@gmail.com,gutierrezmatthew,https://randomuser.me/api/portraits/men/7.jpg,$2b$12$Q1PUFjhN/AWRQ21LbGYvjeLpZZB6lfZ1BPwifHALGO6oIbyC3CmJe,Say PM again series red.,https://splashbase.s3.amazonaws.com/unsplash/regular/tumblr_mpp6gwrYvm1st5lhmo1_1280.jpg,Port Tiffany
ldavidson@yahoo.com,zhunt,https://randomuser.me/api/portraits/men/28.jpg,$2b$12$Q1PUFjhN/AWRQ21LbGYvjeLpZZB6lfZ1BPwifHALGO6oIbyC3CmJe,Cut a station number success charge pattern.,https://splashbase.s3.amazonaws.com/unsplash/regular/tumblr_mnh0n9pHJW1st5lhmo1_1280.jpg,North Matthew
jessica78@taylor-coffey.com,terriryan,https://randomuser.me/api/portraits/women/60.jpg,$2b$12$Q1PUFjhN/AWRQ21LbGYvjeLpZZB6lfZ1BPwifHALGO6oIbyC3CmJe,Drug suffer give.,https://splashbase.s3.amazonaws.com/unsplash/regular/tumblr_mpp6l06zXi1st5lhmo1_1280.jpg,South Robertside
imcintyre@wright-walker.com,rayjennifer,https://randomuser.me/api/portraits/men/6.jpg,$2b$12$Q1PUFjhN/AWRQ21LbGYvjeLpZZB6lfZ1BPwifHALGO6oIbyC3CmJe,Whom everybody close bank eat business service.,https://splashbase.s3.amazonaws.com/unsplash/regular/tumblr_mp6s1hAudo1st5lhmo1_1280.jpg,South Stevenland
catherinemeyer@hartman.com,dennissanders,https://randomuser.me/api/portraits/men/60.jpg,$2b$12$Q1PUFjhN/AWRQ21LbGYvjeLpZZB6lfZ1BPwifHALGO6oIbyC3CmJe,Very head one man.,https://splashbase.s3.amazonaws.com/unsplash/regular/tumblr_mo2x9xqeef1st5lhmo1_1280.jpg,New Ryanberg
kevin55@daniel.com,mariah90,https://randomuser.me/api/portraits/men/48.jpg,$2b$12$Q1PUFjhN/AWRQ21LbGYvjeLpZZB6lfZ1BPwifHALGO6oIbyC3CmJe,Tree find a drop level.,https://splashbase.s3.amazonaws.com/unsplash/regular/tumblr_mopq8fyQwI1st5lhmo1_1280.jpg,North Nathanielshire
lindamalone@gmail.com,alexanderbuchanan,https://randomuser.me/api/portraits/men/77.jpg,$2b$12$Q1PUFjhN/AWRQ21LbGYvjeLpZZB6lfZ1BPwifHALGO6oIbyC3CmJe,Issue line race leg.,https://splashbase.s3.amazonaws.com/unsplash/regular/tumblr_mpp6poZxE51st5lhmo1_1280.jpg,Wongview
jeffrey90@mayo.biz,tanyamathis,https://randomuser.me/api/portraits/women/53.jpg,$2b$12$Q1PUFjhN/AWRQ21LbGYvjeLpZZB6lfZ1BPwifHALGO6oIbyC3CmJe,Us usually already actually score.,https://splashbase.s3.amazonaws.com/unsplash/regular/tumblr_mnh1uhYnog1st5lhmo1_1280.jpg,West Kathryn
madisonrodriguez@hotmail.com,michael25,https://randomuser.me/api/portraits/women/33.jpg,$2b$12$Q1PUFjhN/AWRQ21LbGYvjeLpZZB6lfZ1BPwifHALGO6oIbyC3CmJe,South ago allow.,https://splashbase.s3.amazonaws.com/unsplash/regular/tumblr_mnh17lfd9R1st5lhmo1_1280.jpg,New Leonardville
ubell@barrett-henderson.com,kennethflynn,https://randomuser.me/api/portraits/men/66.jpg,$2b$12$Q1PUFjhN/AWRQ21LbGYvjeLpZZB6lfZ1BPwifHALGO6oIbyC3CmJe,Include item foreign occur do.,https://splashbase.s3.amazonaws.com/unsplash/regular/tumblr_mnh1d7s3UD1st5lhmo1_1280.jpg,New Kimberly
crobinson@young.com,thompsonadam,https://randomuser.me/api/portraits/men/99.jpg,$2b$12$Q1PUFjhN/AWRQ21LbGYvjeLpZZB6lfZ1BPwifHALGO6oIbyC3CmJe,Recognize hair strong card enough attention.,https://splashbase.s3.amazonaws.com/unsplash/regular/tumblr_mnh121HEWa1st5lhmo1_1280.jpg,Port Michelle
ayoung@howe-abbott.com,lisawiggins,https://randomuser.me/api/portraits/men/31.jpg,$2b$12$Q1PUFjhN/AWRQ21LbGYvjeLpZZB6lfZ1BPwifHALGO6oIbyC3CmJe,Manage fine soon radio its.,https://splashbase.s3.amazonaws.com/unsplash/regular/tumblr_mo2xijE2nr1st5lhmo1_1280.jpg,Josephtown
jturner@hotmail.com,lisa75,https://randomuser.me/api/portraits/men/67.jpg,$2b$12$Q1PUFjhN/AWRQ21LbGYvjeLpZZB6lfZ1BPwifHALGO6oIbyC3CmJe,Opportunity tree maybe like true street.,https://splashbase.s3.amazonaws.com/unsplash/regular/tumblr_mp6s661UgK1st5lhmo1_1280.jpg,West Kim
april35@gmail.com,ronald58,https://randomuser.me/api/portraits/women/40.jpg,$2b$12$Q1PUFjhN/AWRQ21LbGYvjeLpZZB6lfZ1BPwifHALGO6oIbyC3CmJe,Image task bill she accept newspaper.,https://splashbase.s3.amazonaws.com/unsplash/regular/tumblr_mnh0n9pHJW1st5lhmo1_1280.jpg,West Mary
hlyons@yahoo.com,catherine55,https://randomuser.me/api/portraits/women/51.jpg,$2b$12$Q1PUFjhN/AWRQ21LbGYvjeLpZZB6lfZ1BPwifHALGO6oIbyC3CmJe,Right military real according fly.,https://splashbase.s3.amazonaws.com/unsplash/regular/tumblr_mopq8fyQwI1st5lhmo1_1280.jpg,Lake Beverlyfort
jeffery88@hotmail.com,leonardmarc,https://randomuser.me/api/portraits/men/94.jpg,$2b$12$Q1PUFjhN/AWRQ21LbGYvjeLpZZB6lfZ1BPwifHALGO6oIbyC3CmJe,Daughter third news white.,https://splashbase.s3.amazonaws.com/unsplash/regular/tumblr_mp6scv2xrZ1st5lhmo1_1280.jpg,Port Aprilshire
brianmcintyre@hotmail.com,susan35,https://randomuser.me/api/portraits/men/68.jpg,$2b$12$Q1PUFjhN/AWRQ21LbGYvjeLpZZB6lfZ1BPwifHALGO6oIbyC3CmJe,Expert rich throughout from seven.,https://splashbase.s3.amazonaws.com/unsplash/regular/tumblr_mopq4kHmAg1st5lhmo1_1280.jpg,West Davidshire
matthewnichols@brown.net,lwest,https://randomuser.me/api/portraits/women/88.jpg,$2b$12$Q1PUFjhN/AWRQ21LbGYvjeLpZZB6lfZ1BPwifHALGO6oIbyC3CmJe,Thought author some alone ahead great.,https://splashbase.s3.amazonaws.com/unsplash/regular/tumblr_mopqfpSTPN1st5lhmo1_1280.jpg,Lewisport
ylevine@poole.com,katie70,https://randomuser.me/api/portraits/women/9.jpg,$2b$12$Q1PUFjhN/AWRQ21LbGYvjeLpZZB6lfZ1BPwifHALGO6oIbyC3CmJe,Maybe poor send.,https://splashbase.s3.amazonaws.com/unsplash/regular/tumblr_mopqc3ZZcz1st5lhmo1_1280.jpg,North Michelle
gregoryedwards@gmail.com,amandachavez,https://randomuser.me/api/portraits/women/39.jpg,$2b$12$Q1PUFjhN/AWRQ21LbGYvjeLpZZB6lfZ1BPwifHALGO6oIbyC3CmJe,Part people result huge environment.,https://splashbase.s3.amazonaws.com/unsplash/regular/tumblr_mpp6l06zXi1st5lhmo1_1280.jpg,Palmerburgh
ncalderon@jordan.com,melissa00,https://randomuser.me/api/portraits/women/38.jpg,$2b$12$Q1PUFjhN/AWRQ21LbGYvjeLpZZB6lfZ1BPwifHALGO6oIbyC3CmJe,Personal gas wall contain stage our.,https://splashbase.s3.amazonaws.com/unsplash/regular/tumblr_mpp6poZxE51st5lhmo1_1280.jpg,East Garyborough
cevans@hotmail.com,jacobbrown,https://randomuser.me/api/portraits/women/70.jpg,$2b$12$Q1PUFjhN/AWRQ21LbGYvjeLpZZB6lfZ1BPwifHALGO6oIbyC3CmJe,Gun left international source address middle.,https://splashbase.s3.amazonaws.com/unsplash/regular/tumblr_mopq4kHmAg1st5lhmo1_1280.jpg,Amandamouth
marygarcia@osborn-ray.org,fisherrobert,https://randomuser.me/api/portraits/women/26.jpg,$2b$12$Q1PUFjhN/AWRQ21LbGYvjeLpZZB6lfZ1BPwifHALGO6oIbyC3CmJe,From natural environment.,https://splashbase.s3.amazonaws.com/unsplash/regular/tumblr_mo2x80NkDu1st5lhmo1_1280.jpg,Michaelside
sjordan@yahoo.com,petergarcia,https://randomuser.me/api/portraits/men/34.jpg,$2b$12$Q1PUFjhN/AWRQ21LbGYvjeLpZZB6lfZ1BPwifHALGO6oIbyC3CmJe,Create develop act fund.,https://splashbase.s3.amazonaws.com/unsplash/regular/tumblr_mnh0n9pHJW1st5lhmo1_1280.jpg,North Vincentbury
graybrandi@yahoo.com,jason56,https://randomuser.me/api/portraits/women/52.jpg,$2b$12$Q1PUFjhN/AWRQ21LbGYvjeLpZZB6lfZ1BPwifHALGO6oIbyC3CmJe,Truth quite in.,https://splashbase.s3.amazonaws.com/unsplash/regular/tumblr_mo1h6tGOZf1st5lhmo1_1280.jpg,Port Joshua
jamesgibbs@lynn.com,kimberly88,https://randomuser.me/api/portraits/men/23.jpg,$2b$12$Q1PUFjhN/AWRQ21LbGYvjeLpZZB6lfZ1BPwifHALGO6oIbyC3CmJe,Head upon series.,https://splashbase.s3.amazonaws.com/unsplash/regular/tumblr_mopqdfx05t1st5lhmo1_1280.jpg,Jacksonmouth
okennedy@hotmail.com,xrice,https://randomuser.me/api/portraits/men/46.jpg,$2b$12$Q1PUFjhN/AWRQ21LbGYvjeLpZZB6lfZ1BPwifHALGO6oIbyC3CmJe,Relationship book rest teacher how say.,https://splashbase.s3.amazonaws.com/unsplash/regular/tumblr_mo2x3aAnRH1st5lhmo1_1280.jpg,South Aarontown
walterwright@hotmail.com,bellchristine,https://randomuser.me/api/portraits/men/98.jpg,$2b$12$Q1PUFjhN/AWRQ21LbGYvjeLpZZB6lfZ1BPwifHALGO6oIbyC3CmJe,Brother woman same interview doctor.,https://splashbase.s3.amazonaws.com/unsplash/regular/tumblr_mp6sasSvPZ1st5lhmo1_1280.jpg,East Alexbury
kellydonald@hotmail.com,michael61,https://randomuser.me/api/portraits/women/98.jpg,$2b$12$Q1PUFjhN/AWRQ21LbGYvjeLpZZB6lfZ1BPwifHALGO6oIbyC3CmJe,Expert prevent tell fall fall win exist.,https://splashbase.s3.amazonaws.com/unsplash/regular/tumblr_mo2x9xqeef1st5lhmo1_1280.jpg,Michaelport
ujones@yahoo.com,chelseygrant,https://randomuser.me/api/portraits/men/35.jpg,$2b$12$Q1PUFjhN/AWRQ21LbGYvjeLpZZB6lfZ1BPwifHALGO6oIbyC3CmJe,Consumer her one another ground suddenly already.,https://splashbase.s3.amazonaws.com/unsplash/regular/tumblr_mp6s661UgK1st5lhmo1_1280.jpg,West Brandi
wilcoxwilliam@brown.com,portermichael,https://randomuser.me/api/portraits/women/10.jpg,$2b$12$Q1PUFjhN/AWRQ21LbGYvjeLpZZB6lfZ1BPwifHALGO6oIbyC3CmJe,Floor door real determine.,https://splashbase.s3.amazonaws.com/unsplash/regular/tumblr_mp6s1hAudo1st5lhmo1_1280.jpg,Timothyview
smithlaura@jackson.net,sgray,https://randomuser.me/api/portraits/men/97.jpg,$2b$12$Q1PUFjhN/AWRQ21LbGYvjeLpZZB6lfZ1BPwifHALGO6oIbyC3CmJe,Year commercial professional evening TV student.,https://splashbase.s3.amazonaws.com/unsplash/regular/tumblr_mo2xbk8JUK1st5lhmo1_1280.jpg,Port Ronald
amy30@ellis.com,johnvargas,https://randomuser.me/api/portraits/men/77.jpg,$2b$12$Q1PUFjhN/AWRQ21LbGYvjeLpZZB6lfZ1BPwifHALGO6oIbyC3CmJe,Rise stop leg stage than.,https://splashbase.s3.amazonaws.com/unsplash/regular/tumblr_mopqkkwK2M1st5lhmo1_1280.jpg,Millerfurt
mezajulie@smith.net,ostark,https://randomuser.me/api/portraits/women/61.jpg,$2b$12$Q1PUFjhN/AWRQ21LbGYvjeLpZZB6lfZ1BPwifHALGO6oIbyC3CmJe,Think up approach smile necessary reach huge.,https://splashbase.s3.amazonaws.com/unsplash/regular/tumblr_mo2x80NkDu1st5lhmo1_1280.jpg,Port Cody
amandabrown@yahoo.com,kellyanne,https://randomuser.me/api/portraits/women/52.jpg,$2b$12$Q1PUFjhN/AWRQ21LbGYvjeLpZZB6lfZ1BPwifHALGO6oIbyC3CmJe,Usually participant world three.,https://splashbase.s3.amazonaws.com/unsplash/regular/tumblr_mnh29fxz111st5lhmo1_1280.jpg,Lake Veronica
brandy96@farmer-valdez.com,alyssa01,https://randomuser.me/api/portraits/men/81.jpg,$2b$12$Q1PUFjhN/AWRQ21LbGYvjeLpZZB6lfZ1BPwifHALGO6oIbyC3CmJe,Section table method.,https://splashbase.s3.amazonaws.com/unsplash/regular/tumblr_mp6s32zb6l1st5lhmo1_1280.jpg,South Christinaland
palmertonya@allen.com,irogers,https://randomuser.me/api/portraits/men/26.jpg,$2b$12$Q1PUFjhN/AWRQ21LbGYvjeLpZZB6lfZ1BPwifHALGO6oIbyC3CmJe,Within once national environmental.,https://splashbase.s3.amazonaws.com/unsplash/regular/tumblr_mnh1jdFvHR1st5lhmo1_1280.jpg,Dianaside
lhayes@yahoo.com,rogersgene,https://randomuser.me/api/portraits/men/62.jpg,$2b$12$Q1PUFjhN/AWRQ21LbGYvjeLpZZB6lfZ1BPwifHALGO6oIbyC3CmJe,Hit music century environmental president toward.,https://splashbase.s3.amazonaws.com/unsplash/regular/tumblr_mp6s995bvI1st5lhmo1_1280.jpg,East Joshuamouth
hamptonmegan@yahoo.com,dmoody,https://randomuser.me/api/portraits/women/66.jpg,$2b$12$Q1PUFjhN/AWRQ21LbGYvjeLpZZB6lfZ1BPwifHALGO6oIbyC3CmJe,Visit impact simply space four.,https://splashbase.s3.amazonaws.com/unsplash/regular/tumblr_mp6s4dzqHA1st5lhmo1_1280.jpg,Edwardsfurt
robert97@gmail.com,dawncook,https://randomuser.me/api/portraits/women/22.jpg,$2b$12$Q1PUFjhN/AWRQ21LbGYvjeLpZZB6lfZ1BPwifHALGO6oIbyC3CmJe,As recognize be dark close water air.,https://splashbase.s3.amazonaws.com/unsplash/regular/tumblr_mo2x3aAnRH1st5lhmo1_1280.jpg,Erikborough
brittneysoto@thomas.com,kimberlysnyder,https://randomuser.me/api/portraits/women/70.jpg,$2b$12$Q1PUFjhN/AWRQ21LbGYvjeLpZZB6lfZ1BPwifHALGO6oIbyC3CmJe,Employee audience business must Congress analysis then.,https://splashbase.s3.amazonaws.com/unsplash/regular/tumblr_mopqj9QUeq1st5lhmo1_1280.jpg,Port Elizabethmouth
laura23@wright-young.com,clarkjohn,https://randomuser.me/api/portraits/lego/9.jpg,$2b$12$Q1PUFjhN/AWRQ21LbGYvjeLpZZB6lfZ1BPwifHALGO6oIbyC3CmJe,Place may return guess teacher.,https://splashbase.s3.amazonaws.com/unsplash/regular/tumblr_mpp6tjdFhf1st5lhmo1_1280.jpg,North Sara
thomasrichard@gmail.com,ctaylor,https://randomuser.me/api/portraits/men/57.jpg,$2b$12$Q1PUFjhN/AWRQ21LbGYvjeLpZZB6lfZ1BPwifHALGO6oIbyC3CmJe,Chance source cause direction your book street.,https://splashbase.s3.amazonaws.com/unsplash/regular/tumblr_mo2x80NkDu1st5lhmo1_1280.jpg,West Staceytown
scottgilbert@hendrix.com,amyrussell,https://randomuser.me/api/portraits/men/34.jpg,$2b$12$Q1PUFjhN/AWRQ21LbGYvjeLpZZB6lfZ1BPwifHALGO6oIbyC3CmJe,Professional herself town raise century senior wide.,https://splashbase.s3.amazonaws.com/unsplash/regular/tumblr_mopqhxFulr1st5lhmo1_1280.jpg,Lake Steven
gonzalezamy@roberson.com,michaeljones,https://randomuser.me/api/portraits/women/64.jpg,$2b$12$Q1PUFjhN/AWRQ21LbGYvjeLpZZB6lfZ1BPwifHALGO6oIbyC3CmJe,Them cultural country share participant unit position.,https://splashbase.s3.amazonaws.com/unsplash/regular/tumblr_mpp6l06zXi1st5lhmo1_1280.jpg,Smithborough
richardsonmichael@sawyer.com,gdavis,https://randomuser.me/api/portraits/men/17.jpg,$2b$12$Q1PUFjhN/AWRQ21LbGYvjeLpZZB6lfZ1BPwifHALGO6oIbyC3CmJe,Even song soon several television paper wrong.,https://splashbase.s3.amazonaws.com/unsplash/regular/tumblr_mo2x9xqeef1st5lhmo1_1280.jpg,Lake Sarah
christopher51@pierce.com,danielle54,https://randomuser.me/api/portraits/men/80.jpg,$2b$12$Q1PUFjhN/AWRQ21LbGYvjeLpZZB6lfZ1BPwifHALGO6oIbyC3CmJe,Leg figure beautiful fight.,https://splashbase.s3.amazonaws.com/unsplash/regular/tumblr_mnh0n9pHJW1st5lhmo1_1280.jpg,Chapmanhaven
hernandezbradley@king.com,rossjared,https://randomuser.me/api/portraits/women/57.jpg,$2b$12$Q1PUFjhN/AWRQ21LbGYvjeLpZZB6lfZ1BPwifHALGO6oIbyC3CmJe,Into well story town painting.,https://splashbase.s3.amazonaws.com/unsplash/regular/tumblr_mp6s7lR1lS1st5lhmo1_1280.jpg,Gutierrezfort
davidsonrebekah@yahoo.com,timothy15,https://randomuser.me/api/portraits/lego/0.jpg,$2b$12$Q1PUFjhN/AWRQ21LbGYvjeLpZZB6lfZ1BPwifHALGO6oIbyC3CmJe,Ok ten should concern help official recognize.,https://splashbase.s3.amazonaws.com/unsplash/regular/tumblr_mnh121HEWa1st5lhmo1_1280.jpg,Lisaborough
jenniferwashington@white.org,smithtracey,https://randomuser.me/api/portraits/women/85.jpg,$2b$12$Q1PUFjhN/AWRQ21LbGYvjeLpZZB6lfZ1BPwifHALGO6oIbyC3CmJe,Middle song hear cost although number.,https://splashbase.s3.amazonaws.com/unsplash/regular/tumblr_mp6s995bvI1st5lhmo1_1280.jpg,Clayview
fosterdonald@yahoo.com,qedwards,https://randomuser.me/api/portraits/women/98.jpg,$2b$12$Q1PUFjhN/AWRQ21LbGYvjeLpZZB6lfZ1BPwifHALGO6oIbyC3CmJe,Plant trouble subject skin sort still.,https://splashbase.s3.amazonaws.com/unsplash/regular/tumblr_mopqj9QUeq1st5lhmo1_1280.jpg,Vasquezport
davisfrank@sullivan.info,kchavez,https://randomuser.me/api/portraits/men/98.jpg,$2b$12$Q1PUFjhN/AWRQ21LbGYvjeLpZZB6lfZ1BPwifHALGO6oIbyC3CmJe,Necessary week check.,https://splashbase.s3.amazonaws.com/unsplash/regular/tumblr_mopqc3ZZcz1st5lhmo1_1280.jpg,Port Brandonport
flester@dunn.com,nicolas45,https://randomuser.me/api/portraits/men/26.jpg,$2b$12$Q1PUFjhN/AWRQ21LbGYvjeLpZZB6lfZ1BPwifHALGO6oIbyC3CmJe,Majority best gas reach team.,https://splashbase.s3.amazonaws.com/unsplash/regular/tumblr_mo2x80NkDu1st5lhmo1_1280.jpg,Miguelport
mendezmark@scott.com,kmccarty,https://randomuser.me/api/portraits/men/59.jpg,$2b$12$Q1PUFjhN/AWRQ21LbGYvjeLpZZB6lfZ1BPwifHALGO6oIbyC3CmJe,Their team commercial public executive.,https://splashbase.s3.amazonaws.com/unsplash/regular/tumblr_mp6s7lR1lS1st5lhmo1_1280.jpg,Lake Michael
robinsoncharles@gmail.com,amanda23,https://randomuser.me/api/portraits/women/7.jpg,$2b$12$Q1PUFjhN/AWRQ21LbGYvjeLpZZB6lfZ1BPwifHALGO6oIbyC3CmJe,Establish right right research now generation.,https://splashbase.s3.amazonaws.com/unsplash/regular/tumblr_mpp6poZxE51st5lhmo1_1280.jpg,Bellbury
comptonanne@yahoo.com,michael65,https://randomuser.me/api/portraits/lego/8.jpg,$2b$12$Q1PUFjhN/AWRQ21LbGYvjeLpZZB6lfZ1BPwifHALGO6oIbyC3CmJe,First level kid painting southern.,https://splashbase.s3.amazonaws.com/unsplash/regular/tumblr_mpp6w0dxAm1st5lhmo1_1280.jpg,Port Amy
melissa63@robinson.net,poolematthew,https://randomuser.me/api/portraits/men/92.jpg,$2b$12$Q1PUFjhN/AWRQ21LbGYvjeLpZZB6lfZ1BPwifHALGO6oIbyC3CmJe,Town most go social our sure data them.,https://splashbase.s3.amazonaws.com/unsplash/regular/tumblr_mnh0n9pHJW1st5lhmo1_1280.jpg,North Rachel
stewartjulia@gmail.com,rodriguezkimberly,https://randomuser.me/api/portraits/men/75.jpg,$2b$12$Q1PUFjhN/AWRQ21LbGYvjeLpZZB6lfZ1BPwifHALGO6oIbyC3CmJe,Every capital smile art.,https://splashbase.s3.amazonaws.com/unsplash/regular/tumblr_mopqamedKu1st5lhmo1_1280.jpg,Richardbury
xstevens@yahoo.com,williamgarcia,https://randomuser.me/api/portraits/men/77.jpg,$2b$12$Q1PUFjhN/AWRQ21LbGYvjeLpZZB6lfZ1BPwifHALGO6oIbyC3CmJe,Least message just effort campaign because.,https://splashbase.s3.amazonaws.com/unsplash/regular/tumblr_mp6scv2xrZ1st5lhmo1_1280.jpg,Wrightmouth
thorntondaniel@yahoo.com,benjamin37,https://randomuser.me/api/portraits/women/76.jpg,$2b$12$Q1PUFjhN/AWRQ21LbGYvjeLpZZB6lfZ1BPwifHALGO6oIbyC3CmJe,Son join area always television house true.,https://splashbase.s3.amazonaws.com/unsplash/regular/tumblr_mp6s1hAudo1st5lhmo1_1280.jpg,Lake Elijah
peter09@yahoo.com,samuel87,https://randomuser.me/api/portraits/women/47.jpg,$2b$12$Q1PUFjhN/AWRQ21LbGYvjeLpZZB6lfZ1BPwifHALGO6oIbyC3CmJe,Author education perform will ability.,https://splashbase.s3.amazonaws.com/unsplash/regular/tumblr_mpp6w0dxAm1st5lhmo1_1280.jpg,Lake Ryan
dannyaustin@villanueva.info,manuelmathis,https://randomuser.me/api/portraits/women/25.jpg,$2b$12$Q1PUFjhN/AWRQ21LbGYvjeLpZZB6lfZ1BPwifHALGO6oIbyC3CmJe,Game himself policy term or government.,https://splashbase.s3.amazonaws.com/unsplash/regular/tumblr_mp6s32zb6l1st5lhmo1_1280.jpg,New Carlos
rosetammy@yahoo.com,mfaulkner,https://randomuser.me/api/portraits/men/59.jpg,$2b$12$Q1PUFjhN/AWRQ21LbGYvjeLpZZB6lfZ1BPwifHALGO6oIbyC3CmJe,Million own black fish report very.,https://splashbase.s3.amazonaws.com/unsplash/regular/tumblr_mp6s661UgK1st5lhmo1_1280.jpg,Hamiltonmouth
fgreen@david.com,quinndamon,https://randomuser.me/api/portraits/women/15.jpg,$2b$12$Q1PUFjhN/AWRQ21LbGYvjeLpZZB6lfZ1BPwifHALGO6oIbyC3CmJe,Five unit order now leg.,https://splashbase.s3.amazonaws.com/unsplash/regular/tumblr_mo2x80NkDu1st5lhmo1_1280.jpg,South Michael
jeff88@vega.com,robertsonrebecca,https://randomuser.me/api/portraits/women/4.jpg,$2b$12$Q1PUFjhN/AWRQ21LbGYvjeLpZZB6lfZ1BPwifHALGO6oIbyC3CmJe,Rule without move writer top.,https://splashbase.s3.amazonaws.com/unsplash/regular/tumblr_mnh17lfd9R1st5lhmo1_1280.jpg,North Hollymouth
ymitchell@gmail.com,cindycohen,https://randomuser.me/api/portraits/women/46.jpg,$2b$12$Q1PUFjhN/AWRQ21LbGYvjeLpZZB6lfZ1BPwifHALGO6oIbyC3CmJe,Become black white.,https://splashbase.s3.amazonaws.com/unsplash/regular/tumblr_mnh1jdFvHR1st5lhmo1_1280.jpg,Hudsonburgh
melanieross@garcia.com,rodriguezmiguel,https://randomuser.me/api/portraits/women/73.jpg,$2b$12$Q1PUFjhN/AWRQ21LbGYvjeLpZZB6lfZ1BPwifHALGO6oIbyC3CmJe,Improve space final you fear magazine.,https://splashbase.s3.amazonaws.com/unsplash/regular/tumblr_mnh0n9pHJW1st5lhmo1_1280.jpg,Lake Jessica
ronaldmoore@yahoo.com,sherry38,https://randomuser.me/api/portraits/men/49.jpg,$2b$12$Q1PUFjhN/AWRQ21LbGYvjeLpZZB6lfZ1BPwifHALGO6oIbyC3CmJe,Agree tough ability send person.,https://splashbase.s3.amazonaws.com/unsplash/regular/tumblr_mp6scv2xrZ1st5lhmo1_1280.jpg,Lake Jacob
julia05@ryan.com,jeancampbell,https://randomuser.me/api/portraits/women/20.jpg,$2b$12$Q1PUFjhN/AWRQ21LbGYvjeLpZZB6lfZ1BPwifHALGO6oIbyC3CmJe,Floor kid various.,https://splashbase.s3.amazonaws.com/unsplash/regular/tumblr_mnh25vNOvI1st5lhmo1_1280.jpg,West Alexmouth
dbrown@gmail.com,kimberlymedina,https://randomuser.me/api/portraits/women/28.jpg,$2b$12$Q1PUFjhN/AWRQ21LbGYvjeLpZZB6lfZ1BPwifHALGO6oIbyC3CmJe,Ground occur physical fill science.,https://splashbase.s3.amazonaws.com/unsplash/regular/tumblr_mo2wz2LTCs1st5lhmo1_1280.jpg,New Johnshire
johnsonjohn@gmail.com,jeffreyschroeder,https://randomuser.me/api/portraits/men/12.jpg,$2b$12$Q1PUFjhN/AWRQ21LbGYvjeLpZZB6lfZ1BPwifHALGO6oIbyC3CmJe,Yard apply subject may wear only less unit.,https://splashbase.s3.amazonaws.com/unsplash/regular/tumblr_mopqdfx05t1st5lhmo1_1280.jpg,Virginiaton
billy61@gmail.com,isharp,https://randomuser.me/api/portraits/men/35.jpg,$2b$12$Q1PUFjhN/AWRQ21LbGYvjeLpZZB6lfZ1BPwifHALGO6oIbyC3CmJe,Ten much one laugh standard huge.,https://splashbase.s3.amazonaws.com/unsplash/regular/tumblr_mnh1jdFvHR1st5lhmo1_1280.jpg,Lake Karabury
stricklandthomas@gmail.com,gday,https://randomuser.me/api/portraits/men/43.jpg,$2b$12$Q1PUFjhN/AWRQ21LbGYvjeLpZZB6lfZ1BPwifHALGO6oIbyC3CmJe,Short wait hit although street.,https://splashbase.s3.amazonaws.com/unsplash/regular/tumblr_mo2xijE2nr1st5lhmo1_1280.jpg,New Christopher
karenbates@hotmail.com,steelenatalie,https://randomuser.me/api/portraits/women/94.jpg,$2b$12$Q1PUFjhN/AWRQ21LbGYvjeLpZZB6lfZ1BPwifHALGO6oIbyC3CmJe,Tell almost kitchen part significant.,https://splashbase.s3.amazonaws.com/unsplash/regular/tumblr_mnh0n9pHJW1st5lhmo1_1280.jpg,Lake Joseton
huffjonathan@moore.com,egraham,https://randomuser.me/api/portraits/women/57.jpg,$2b$12$Q1PUFjhN/AWRQ21LbGYvjeLpZZB6lfZ1BPwifHALGO6oIbyC3CmJe,Policy building lead down push.,https://splashbase.s3.amazonaws.com/unsplash/regular/tumblr_mo2xfarCvW1st5lhmo1_1280.jpg,East Melissa
wmacdonald@simmons.com,faulknerpaige,https://randomuser.me/api/portraits/men/59.jpg,$2b$12$Q1PUFjhN/AWRQ21LbGYvjeLpZZB6lfZ1BPwifHALGO6oIbyC3CmJe,Girl read form subject figure.,https://splashbase.s3.amazonaws.com/unsplash/regular/tumblr_mo2xijE2nr1st5lhmo1_1280.jpg,Myersmouth
cynthia61@king.com,kiarapowell,https://randomuser.me/api/portraits/women/24.jpg,$2b$12$Q1PUFjhN/AWRQ21LbGYvjeLpZZB6lfZ1BPwifHALGO6oIbyC3CmJe,Choose still travel visit small high officer.,https://splashbase.s3.amazonaws.com/unsplash/regular/tumblr_mp6s661UgK1st5lhmo1_1280.jpg,North Kennethbury
brittney04@hotmail.com,bradleyarnold,https://randomuser.me/api/portraits/men/61.jpg,$2b$12$Q1PUFjhN/AWRQ21LbGYvjeLpZZB6lfZ1BPwifHALGO6oIbyC3CmJe,Sit for agree event believe focus child.,https://splashbase.s3.amazonaws.com/unsplash/regular/tumblr_mnh121HEWa1st5lhmo1_1280.jpg,Cookstad
laurahall@yahoo.com,velasquezkevin,https://randomuser.me/api/portraits/men/19.jpg,$2b$12$Q1PUFjhN/AWRQ21LbGYvjeLpZZB6lfZ1BPwifHALGO6oIbyC3CmJe,Usually catch speech vote husband when.,https://splashbase.s3.amazonaws.com/unsplash/regular/tumblr_mnh0uemhCk1st5lhmo1_1280.jpg,Laurafurt
charlesevans@chavez.com,richardsdouglas,https://randomuser.me/api/portraits/men/14.jpg,$2b$12$Q1PUFjhN/AWRQ21LbGYvjeLpZZB6lfZ1BPwifHALGO6oIbyC3CmJe,Perform training media action edge market at.,https://splashbase.s3.amazonaws.com/unsplash/regular/tumblr_mpp6w0dxAm1st5lhmo1_1280.jpg,Brownstad
leroy02@gmail.com,mirandawilliams,https://randomuser.me/api/portraits/lego/0.jpg,$2b$12$Q1PUFjhN/AWRQ21LbGYvjeLpZZB6lfZ1BPwifHALGO6oIbyC3CmJe,Pretty write the sound.,https://splashbase.s3.amazonaws.com/unsplash/regular/tumblr_mopqdfx05t1st5lhmo1_1280.jpg,New Zacharychester
wgriffith@gutierrez-wilcox.info,vharvey,https://randomuser.me/api/portraits/men/19.jpg,$2b$12$Q1PUFjhN/AWRQ21LbGYvjeLpZZB6lfZ1BPwifHALGO6oIbyC3CmJe,Baby fight performance be.,https://splashbase.s3.amazonaws.com/unsplash/regular/tumblr_mopq69jlcS1st5lhmo1_1280.jpg,West Christopher
bishopdaniel@gmail.com,jbenton,https://randomuser.me/api/portraits/men/23.jpg,$2b$12$Q1PUFjhN/AWRQ21LbGYvjeLpZZB6lfZ1BPwifHALGO6oIbyC3CmJe,Behavior most marriage with.,https://splashbase.s3.amazonaws.com/unsplash/regular/tumblr_mp6s7lR1lS1st5lhmo1_1280.jpg,Robinsonborough
malexander@chang-wong.com,qjordan,https://randomuser.me/api/portraits/men/8.jpg,$2b$12$Q1PUFjhN/AWRQ21LbGYvjeLpZZB6lfZ1BPwifHALGO6oIbyC3CmJe,Total within data three serve.,https://splashbase.s3.amazonaws.com/unsplash/regular/tumblr_mo2x80NkDu1st5lhmo1_1280.jpg,South Mary
reynoldsmelissa@gmail.com,summergriffith,https://randomuser.me/api/portraits/women/79.jpg,$2b$12$Q1PUFjhN/AWRQ21LbGYvjeLpZZB6lfZ1BPwifHALGO6oIbyC3CmJe,Apply meeting eye beautiful shake top.,https://splashbase.s3.amazonaws.com/unsplash/regular/tumblr_mpp6f50W261st5lhmo1_1280.jpg,Fernandezmouth
dlane@wilson-nixon.biz,cathy17,https://randomuser.me/api/portraits/men/51.jpg,$2b$12$Q1PUFjhN/AWRQ21LbGYvjeLpZZB6lfZ1BPwifHALGO6oIbyC3CmJe,Can research here pull.,https://splashbase.s3.amazonaws.com/unsplash/regular/tumblr_mnh17lfd9R1st5lhmo1_1280.jpg,Scottshire
tcoleman@yahoo.com,pamela33,https://randomuser.me/api/portraits/lego/4.jpg,$2b$12$Q1PUFjhN/AWRQ21LbGYvjeLpZZB6lfZ1BPwifHALGO6oIbyC3CmJe,Financial if third manager lay fire game husband.,https://splashbase.s3.amazonaws.com/unsplash/regular/tumblr_mp6sasSvPZ1st5lhmo1_1280.jpg,Danielchester
danielhaynes@gmail.com,evelyn26,https://randomuser.me/api/portraits/women/59.jpg,$2b$12$Q1PUFjhN/AWRQ21LbGYvjeLpZZB6lfZ1BPwifHALGO6oIbyC3CmJe,Wide stock forward big hold both scientist.,https://splashbase.s3.amazonaws.com/unsplash/regular/tumblr_mopqamedKu1st5lhmo1_1280.jpg,North Hayden
martinmartha@hotmail.com,paul59,https://randomuser.me/api/portraits/women/73.jpg,$2b$12$Q1PUFjhN/AWRQ21LbGYvjeLpZZB6lfZ1BPwifHALGO6oIbyC3CmJe,Because method ahead point more tough yes.,https://splashbase.s3.amazonaws.com/unsplash/regular/tumblr_mpp6w0dxAm1st5lhmo1_1280.jpg,Charlesside
katherinemendoza@simpson.com,pricechelsea,https://randomuser.me/api/portraits/men/32.jpg,$2b$12$Q1PUFjhN/AWRQ21LbGYvjeLpZZB6lfZ1BPwifHALGO6oIbyC3CmJe,However identify civil.,https://splashbase.s3.amazonaws.com/unsplash/regular/tumblr_mo2xfarCvW1st5lhmo1_1280.jpg,Myerstown
deleonbrittany@hotmail.com,hollandalex,https://randomuser.me/api/portraits/women/4.jpg,$2b$12$Q1PUFjhN/AWRQ21LbGYvjeLpZZB6lfZ1BPwifHALGO6oIbyC3CmJe,Else chair myself pass body today.,https://splashbase.s3.amazonaws.com/unsplash/regular/tumblr_mp6s7lR1lS1st5lhmo1_1280.jpg,Morrisville
millssteven@mercado-lane.com,dlee,https://randomuser.me/api/portraits/men/7.jpg,$2b$12$Q1PUFjhN/AWRQ21LbGYvjeLpZZB6lfZ1BPwifHALGO6oIbyC3CmJe,Whose business poor establish.,https://splashbase.s3.amazonaws.com/unsplash/regular/tumblr_mnh29fxz111st5lhmo1_1280.jpg,Huangchester
michelle97@wilson.com,daniel73,https://randomuser.me/api/portraits/women/48.jpg,$2b$12$Q1PUFjhN/AWRQ21LbGYvjeLpZZB6lfZ1BPwifHALGO6oIbyC3CmJe,Have behind free own behind deep.,https://splashbase.s3.amazonaws.com/unsplash/regular/tumblr_mnh121HEWa1st5lhmo1_1280.jpg,Kristinmouth
lwells@barrera.biz,frank29,https://randomuser.me/api/portraits/women/54.jpg,$2b$12$Q1PUFjhN/AWRQ21LbGYvjeLpZZB6lfZ1BPwifHALGO6oIbyC3CmJe,System different sound speak.,https://splashbase.s3.amazonaws.com/unsplash/regular/tumblr_mnh0n9pHJW1st5lhmo1_1280.jpg,Lake Kelly
paulramos@lopez.com,scottjoshua,https://randomuser.me/api/portraits/women/41.jpg,$2b$12$Q1PUFjhN/AWRQ21LbGYvjeLpZZB6lfZ1BPwifHALGO6oIbyC3CmJe,With so a often.,https://splashbase.s3.amazonaws.com/unsplash/regular/tumblr_mnh17lfd9R1st5lhmo1_1280.jpg,Port Karenport
lisa86@yahoo.com,cunninghamkevin,https://randomuser.me/api/portraits/women/21.jpg,$2b$12$Q1PUFjhN/AWRQ21LbGYvjeLpZZB6lfZ1BPwifHALGO6oIbyC3CmJe,Be store reason direction side.,https://splashbase.s3.amazonaws.com/unsplash/regular/tumblr_mp6s1hAudo1st5lhmo1_1280.jpg,Kerrmouth
abush@yahoo.com,usmith,https://randomuser.me/api/portraits/women/97.jpg,$2b$12$Q1PUFjhN/AWRQ21LbGYvjeLpZZB6lfZ1BPwifHALGO6oIbyC3CmJe,Cut down sea scientist Republican court.,https://splashbase.s3.amazonaws.com/unsplash/regular/tumblr_mo2wz2LTCs1st5lhmo1_1280.jpg,Heathermouth
samantha99@noble-miller.com,kinglarry,https://randomuser.me/api/portraits/men/10.jpg,$2b$12$Q1PUFjhN/AWRQ21LbGYvjeLpZZB6lfZ1BPwifHALGO6oIbyC3CmJe,Seem little interesting.,https://splashbase.s3.amazonaws.com/unsplash/regular/tumblr_mo2xfarCvW1st5lhmo1_1280.jpg,East Erin
wwilliams@hotmail.com,jefferyhughes,https://randomuser.me/api/portraits/men/5.jpg,$2b$12$Q1PUFjhN/AWRQ21LbGYvjeLpZZB6lfZ1BPwifHALGO6oIbyC3CmJe,Experience special measure rather man town.,https://splashbase.s3.amazonaws.com/unsplash/regular/tumblr_mo2x80NkDu1st5lhmo1_1280.jpg,Benjamintown
davissamantha@miles-nguyen.com,hawkinschristopher,https://randomuser.me/api/portraits/men/44.jpg,$2b$12$Q1PUFjhN/AWRQ21LbGYvjeLpZZB6lfZ1BPwifHALGO6oIbyC3CmJe,Affect environmental compare yeah sit various campaign.,https://splashbase.s3.amazonaws.com/unsplash/regular/tumblr_mpp6gwrYvm1st5lhmo1_1280.jpg,Port Malikbury
andrewmorgan@hotmail.com,susan10,https://randomuser.me/api/portraits/men/93.jpg,$2b$12$Q1PUFjhN/AWRQ21LbGYvjeLpZZB6lfZ1BPwifHALGO6oIbyC3CmJe,Goal do cold mind never message friend.,https://splashbase.s3.amazonaws.com/unsplash/regular/tumblr_mp6s7lR1lS1st5lhmo1_1280.jpg,West Jenniferberg
stevensonterri@hotmail.com,davidgreen,https://randomuser.me/api/portraits/men/35.jpg,$2b$12$Q1PUFjhN/AWRQ21LbGYvjeLpZZB6lfZ1BPwifHALGO6oIbyC3CmJe,Never information the group full top.,https://splashbase.s3.amazonaws.com/unsplash/regular/tumblr_mopqdfx05t1st5lhmo1_1280.jpg,Paulview
courtneyavery@gmail.com,ojohnson,https://randomuser.me/api/portraits/women/76.jpg,$2b$12$Q1PUFjhN/AWRQ21LbGYvjeLpZZB6lfZ1BPwifHALGO6oIbyC3CmJe,Worry strategy begin somebody democratic.,https://splashbase.s3.amazonaws.com/unsplash/regular/tumblr_mnh17lfd9R1st5lhmo1_1280.jpg,East Theresashire
danielle48@edwards-casey.com,laurareyes,https://randomuser.me/api/portraits/men/76.jpg,$2b$12$Q1PUFjhN/AWRQ21LbGYvjeLpZZB6lfZ1BPwifHALGO6oIbyC3CmJe,Risk range realize heart help me guess its.,https://splashbase.s3.amazonaws.com/unsplash/regular/tumblr_mopq8fyQwI1st5lhmo1_1280.jpg,East Margaretfort
robin91@carlson-santos.com,dcochran,https://randomuser.me/api/portraits/men/4.jpg,$2b$12$Q1PUFjhN/AWRQ21LbGYvjeLpZZB6lfZ1BPwifHALGO6oIbyC3CmJe,Month include certainly possible program.,https://splashbase.s3.amazonaws.com/unsplash/regular/tumblr_mnh29fxz111st5lhmo1_1280.jpg,Malikmouth
williamsblake@newman.com,michelle85,https://randomuser.me/api/portraits/men/40.jpg,$2b$12$Q1PUFjhN/AWRQ21LbGYvjeLpZZB6lfZ1BPwifHALGO6oIbyC3CmJe,Consider now teacher risk.,https://splashbase.s3.amazonaws.com/unsplash/regular/tumblr_mo2x3aAnRH1st5lhmo1_1280.jpg,Edwardsshire
parkerpaula@yahoo.com,sarah39,https://randomuser.me/api/portraits/men/61.jpg,$2b$12$Q1PUFjhN/AWRQ21LbGYvjeLpZZB6lfZ1BPwifHALGO6oIbyC3CmJe,Compare firm total our story.,https://splashbase.s3.amazonaws.com/unsplash/regular/tumblr_mnh1uhYnog1st5lhmo1_1280.jpg,Vasquezburgh
tmurray@allen.com,kirkcarl,https://randomuser.me/api/portraits/men/99.jpg,$2b$12$Q1PUFjhN/AWRQ21LbGYvjeLpZZB6lfZ1BPwifHALGO6oIbyC3CmJe,Century need other into agreement.,https://splashbase.s3.amazonaws.com/unsplash/regular/tumblr_mo2xijE2nr1st5lhmo1_1280.jpg,Morrisberg
stephanie20@farmer.org,joshua19,https://randomuser.me/api/portraits/women/64.jpg,$2b$12$Q1PUFjhN/AWRQ21LbGYvjeLpZZB6lfZ1BPwifHALGO6oIbyC3CmJe,Themselves step whole sing room place.,https://splashbase.s3.amazonaws.com/unsplash/regular/tumblr_mopqfpSTPN1st5lhmo1_1280.jpg,East Kimberlyberg
elynch@barnett.com,melanie36,https://randomuser.me/api/portraits/men/57.jpg,$2b$12$Q1PUFjhN/AWRQ21LbGYvjeLpZZB6lfZ1BPwifHALGO6oIbyC3CmJe,Move interesting chance alone risk.,https://splashbase.s3.amazonaws.com/unsplash/regular/tumblr_mp6s4dzqHA1st5lhmo1_1280.jpg,Vazquezview
sabrina30@gmail.com,trujillojennifer,https://randomuser.me/api/portraits/women/94.jpg,$2b$12$Q1PUFjhN/AWRQ21LbGYvjeLpZZB6lfZ1BPwifHALGO6oIbyC3CmJe,Choice matter table summer.,https://splashbase.s3.amazonaws.com/unsplash/regular/tumblr_mo2xdqmle51st5lhmo1_1280.jpg,Johnside
michaelhernandez@yahoo.com,cmata,https://randomuser.me/api/portraits/men/94.jpg,$2b$12$Q1PUFjhN/AWRQ21LbGYvjeLpZZB6lfZ1BPwifHALGO6oIbyC3CmJe,Drug know recognize indeed stage experience do simple.,https://splashbase.s3.amazonaws.com/unsplash/regular/tumblr_mpp6l06zXi1st5lhmo1_1280.jpg,South Veronica
hoffmankimberly@hotmail.com,stuartdenise,https://randomuser.me/api/portraits/men/89.jpg,$2b$12$Q1PUFjhN/AWRQ21LbGYvjeLpZZB6lfZ1BPwifHALGO6oIbyC3CmJe,Participant baby over would join finally little whom.,https://splashbase.s3.amazonaws.com/unsplash/regular/tumblr_mp6sasSvPZ1st5lhmo1_1280.jpg,West Michael
otorres@gmail.com,zmorgan,https://randomuser.me/api/portraits/women/29.jpg,$2b$12$Q1PUFjhN/AWRQ21LbGYvjeLpZZB6lfZ1BPwifHALGO6oIbyC3CmJe,Along system every move role information student rate.,https://splashbase.s3.amazonaws.com/unsplash/regular/tumblr_mo2xgqdEFn1st5lhmo1_1280.jpg,Lake Bobmouth
barnettmichael@torres.com,ksanders,https://randomuser.me/api/portraits/women/15.jpg,$2b$12$Q1PUFjhN/AWRQ21LbGYvjeLpZZB6lfZ1BPwifHALGO6oIbyC3CmJe,Participant court responsibility the water short reflect available.,https://splashbase.s3.amazonaws.com/unsplash/regular/tumblr_mo2x9xqeef1st5lhmo1_1280.jpg,Markberg
fbuchanan@byrd-alexander.com,paul55,https://randomuser.me/api/portraits/women/17.jpg,$2b$12$Q1PUFjhN/AWRQ21LbGYvjeLpZZB6lfZ1BPwifHALGO6oIbyC3CmJe,Rise worker quite nor look.,https://splashbase.s3.amazonaws.com/unsplash/regular/tumblr_mopq8fyQwI1st5lhmo1_1280.jpg,Michelefort
timothy18@hotmail.com,wcannon,https://randomuser.me/api/portraits/men/74.jpg,$2b$12$Q1PUFjhN/AWRQ21LbGYvjeLpZZB6lfZ1BPwifHALGO6oIbyC3CmJe,Arrive care start team point marriage heart.,https://splashbase.s3.amazonaws.com/unsplash/regular/tumblr_mp6s995bvI1st5lhmo1_1280.jpg,Williamsshire
debrabrewer@garcia.org,moodytracy,https://randomuser.me/api/portraits/men/55.jpg,$2b$12$Q1PUFjhN/AWRQ21LbGYvjeLpZZB6lfZ1BPwifHALGO6oIbyC3CmJe,If good policy car away image save.,https://splashbase.s3.amazonaws.com/unsplash/regular/tumblr_mp6s7lR1lS1st5lhmo1_1280.jpg,Whiteshire
phillipsjean@stout.com,erika28,https://randomuser.me/api/portraits/lego/2.jpg,$2b$12$Q1PUFjhN/AWRQ21LbGYvjeLpZZB6lfZ1BPwifHALGO6oIbyC3CmJe,Culture have computer future gas fall never fact.,https://splashbase.s3.amazonaws.com/unsplash/regular/tumblr_mpp6poZxE51st5lhmo1_1280.jpg,East Kevinfort
wmiller@hotmail.com,pkeller,https://randomuser.me/api/portraits/women/89.jpg,$2b$12$Q1PUFjhN/AWRQ21LbGYvjeLpZZB6lfZ1BPwifHALGO6oIbyC3CmJe,Capital fly task guess per card.,https://splashbase.s3.amazonaws.com/unsplash/regular/tumblr_mo2x3aAnRH1st5lhmo1_1280.jpg,New Stephanie
pamelajenkins@jacobson-carlson.org,acooke,https://randomuser.me/api/portraits/men/42.jpg,$2b$12$Q1PUFjhN/AWRQ21LbGYvjeLpZZB6lfZ1BPwifHALGO6oIbyC3CmJe,Hair sport house blue director.,https://splashbase.s3.amazonaws.com/unsplash/regular/tumblr_mp6s4dzqHA1st5lhmo1_1280.jpg,North Megan
bperez@moore.com,reesetammy,https://randomuser.me/api/portraits/women/52.jpg,$2b$12$Q1PUFjhN/AWRQ21LbGYvjeLpZZB6lfZ1BPwifHALGO6oIbyC3CmJe,Such probably onto key power deep nice race.,https://splashbase.s3.amazonaws.com/unsplash/regular/tumblr_mp6s32zb6l1st5lhmo1_1280.jpg,Dawnton
joel44@yahoo.com,johnmiller,https://randomuser.me/api/portraits/lego/8.jpg,$2b$12$Q1PUFjhN/AWRQ21LbGYvjeLpZZB6lfZ1BPwifHALGO6oIbyC3CmJe,Inside suddenly stay black green through.,https://splashbase.s3.amazonaws.com/unsplash/regular/tumblr_mp6s7lR1lS1st5lhmo1_1280.jpg,North Bobby
bedwards@morris.com,stacey55,https://randomuser.me/api/portraits/men/3.jpg,$2b$12$Q1PUFjhN/AWRQ21LbGYvjeLpZZB6lfZ1BPwifHALGO6oIbyC3CmJe,Them produce carry consider bank even.,https://splashbase.s3.amazonaws.com/unsplash/regular/tumblr_mopqdfx05t1st5lhmo1_1280.jpg,Rogerstown
kylemaldonado@yahoo.com,yatesjacob,https://randomuser.me/api/portraits/men/90.jpg,$2b$12$Q1PUFjhN/AWRQ21LbGYvjeLpZZB6lfZ1BPwifHALGO6oIbyC3CmJe,Network board magazine behavior.,https://splashbase.s3.amazonaws.com/unsplash/regular/tumblr_mopqfpSTPN1st5lhmo1_1280.jpg,South Ronaldhaven
edward85@schwartz.com,gina40,https://randomuser.me/api/portraits/women/44.jpg,$2b$12$Q1PUFjhN/AWRQ21LbGYvjeLpZZB6lfZ1BPwifHALGO6oIbyC3CmJe,Who instead argue sign bed.,https://splashbase.s3.amazonaws.com/unsplash/regular/tumblr_mo2xgqdEFn1st5lhmo1_1280.jpg,South Laceyville
howardjennifer@mccullough.com,jturner,https://randomuser.me/api/portraits/women/63.jpg,$2b$12$Q1PUFjhN/AWRQ21LbGYvjeLpZZB6lfZ1BPwifHALGO6oIbyC3CmJe,Model system history dog again head alone.,https://splashbase.s3.amazonaws.com/unsplash/regular/tumblr_mp6sasSvPZ1st5lhmo1_1280.jpg,Mccoyton
murphyjason@gmail.com,samanthacruz,https://randomuser.me/api/portraits/women/82.jpg,$2b$12$Q1PUFjhN/AWRQ21LbGYvjeLpZZB6lfZ1BPwifHALGO6oIbyC3CmJe,Pull bill walk attack move data.,https://splashbase.s3.amazonaws.com/unsplash/regular/tumblr_mo2wz2LTCs1st5lhmo1_1280.jpg,East Tanya
ralph85@yahoo.com,joshuabyrd,https://randomuser.me/api/portraits/men/26.jpg,$2b$12$Q1PUFjhN/AWRQ21LbGYvjeLpZZB6lfZ1BPwifHALGO6oIbyC3CmJe,Case anyone member personal.,https://splashbase.s3.amazonaws.com/unsplash/regular/tumblr_mopq8fyQwI1st5lhmo1_1280.jpg,Reyesburgh
hsmith@hotmail.com,christopher53,https://randomuser.me/api/portraits/men/36.jpg,$2b$12$Q1PUFjhN/AWRQ21LbGYvjeLpZZB6lfZ1BPwifHALGO6oIbyC3CmJe,Need condition image state.,https://splashbase.s3.amazonaws.com/unsplash/regular/tumblr_mo2xfarCvW1st5lhmo1_1280.jpg,West Devinville
taylor07@hotmail.com,lorikaiser,https://randomuser.me/api/portraits/women/6.jpg,$2b$12$Q1PUFjhN/AWRQ21LbGYvjeLpZZB6lfZ1BPwifHALGO6oIbyC3CmJe,Never ready feeling half hope evidence because.,https://splashbase.s3.amazonaws.com/unsplash/regular/tumblr_mp6scv2xrZ1st5lhmo1_1280.jpg,Briggsborough
zmoore@yahoo.com,joshua97,https://randomuser.me/api/portraits/men/77.jpg,$2b$12$Q1PUFjhN/AWRQ21LbGYvjeLpZZB6lfZ1BPwifHALGO6oIbyC3CmJe,Space fast away provide top task concern.,https://splashbase.s3.amazonaws.com/unsplash/regular/tumblr_mo2x80NkDu1st5lhmo1_1280.jpg,South Shawn
andreahayes@gmail.com,randolphstephanie,https://randomuser.me/api/portraits/women/84.jpg,$2b$12$Q1PUFjhN/AWRQ21LbGYvjeLpZZB6lfZ1BPwifHALGO6oIbyC3CmJe,Force several section anyone hit Republican.,https://splashbase.s3.amazonaws.com/unsplash/regular/tumblr_mo2wz2LTCs1st5lhmo1_1280.jpg,Jodybury
wsmith@porter.info,fsmith,https://randomuser.me/api/portraits/women/7.jpg,$2b$12$Q1PUFjhN/AWRQ21LbGYvjeLpZZB6lfZ1BPwifHALGO6oIbyC3CmJe,Return public now difficult even less.,https://splashbase.s3.amazonaws.com/unsplash/regular/tumblr_mopqdfx05t1st5lhmo1_1280.jpg,Stevensonton
daniel41@ortega.com,smithrose,https://randomuser.me/api/portraits/women/0.jpg,$2b$12$Q1PUFjhN/AWRQ21LbGYvjeLpZZB6lfZ1BPwifHALGO6oIbyC3CmJe,It seat support nor focus into perhaps.,https://splashbase.s3.amazonaws.com/unsplash/regular/tumblr_mopqamedKu1st5lhmo1_1280.jpg,New Roberto
aaron69@yahoo.com,christopher71,https://randomuser.me/api/portraits/men/0.jpg,$2b$12$Q1PUFjhN/AWRQ21LbGYvjeLpZZB6lfZ1BPwifHALGO6oIbyC3CmJe,Before education image order system bag.,https://splashbase.s3.amazonaws.com/unsplash/regular/tumblr_mopqdfx05t1st5lhmo1_1280.jpg,New Edward
taylorrichard@smith-vargas.com,vhamilton,https://randomuser.me/api/portraits/men/67.jpg,$2b$12$Q1PUFjhN/AWRQ21LbGYvjeLpZZB6lfZ1BPwifHALGO6oIbyC3CmJe,Clear material action edge must.,https://splashbase.s3.amazonaws.com/unsplash/regular/tumblr_mnh29fxz111st5lhmo1_1280.jpg,East Austin
moniquechavez@brown.com,lukemorris,https://randomuser.me/api/portraits/women/35.jpg,$2b$12$Q1PUFjhN/AWRQ21LbGYvjeLpZZB6lfZ1BPwifHALGO6oIbyC3CmJe,Return nor ask response sing peace training.,https://splashbase.s3.amazonaws.com/unsplash/regular/tumblr_mopq69jlcS1st5lhmo1_1280.jpg,Mariahville
andrea77@gmail.com,alexis40,https://randomuser.me/api/portraits/women/25.jpg,$2b$12$Q1PUFjhN/AWRQ21LbGYvjeLpZZB6lfZ1BPwifHALGO6oIbyC3CmJe,Stay without also fear discussion.,https://splashbase.s3.amazonaws.com/unsplash/regular/tumblr_mo2xbk8JUK1st5lhmo1_1280.jpg,New Brianbury
pburgess@yahoo.com,evansmartha,https://randomuser.me/api/portraits/women/39.jpg,$2b$12$Q1PUFjhN/AWRQ21LbGYvjeLpZZB6lfZ1BPwifHALGO6oIbyC3CmJe,Especially three really such feel around.,https://splashbase.s3.amazonaws.com/unsplash/regular/tumblr_mnh0n9pHJW1st5lhmo1_1280.jpg,Port Melissaborough
mark62@gmail.com,michaelflores,https://randomuser.me/api/portraits/women/78.jpg,$2b$12$Q1PUFjhN/AWRQ21LbGYvjeLpZZB6lfZ1BPwifHALGO6oIbyC3CmJe,Camera create south future vote skin how yeah.,https://splashbase.s3.amazonaws.com/unsplash/regular/tumblr_mp6sasSvPZ1st5lhmo1_1280.jpg,Collinhaven
millerjeffrey@gmail.com,tannermark,https://randomuser.me/api/portraits/women/53.jpg,$2b$12$Q1PUFjhN/AWRQ21LbGYvjeLpZZB6lfZ1BPwifHALGO6oIbyC3CmJe,Agree possible arm suggest open affect movement ball.,https://splashbase.s3.amazonaws.com/unsplash/regular/tumblr_mnh2m1hnS81st5lhmo1_1280.jpg,Emilyburgh
brentgrimes@moore.com,hollyjones,https://randomuser.me/api/portraits/men/2.jpg,$2b$12$Q1PUFjhN/AWRQ21LbGYvjeLpZZB6lfZ1BPwifHALGO6oIbyC3CmJe,Big research society writer new.,https://splashbase.s3.amazonaws.com/unsplash/regular/tumblr_mp6s32zb6l1st5lhmo1_1280.jpg,New Leeview
deborah37@gmail.com,xbarton,https://randomuser.me/api/portraits/women/81.jpg,$2b$12$Q1PUFjhN/AWRQ21LbGYvjeLpZZB6lfZ1BPwifHALGO6oIbyC3CmJe,Kitchen moment friend environment success same specific.,https://splashbase.s3.amazonaws.com/unsplash/regular/tumblr_mopqfpSTPN1st5lhmo1_1280.jpg,South Tamara
youngmary@rivas-wu.info,petersenjo,https://randomuser.me/api/portraits/men/82.jpg,$2b$12$Q1PUFjhN/AWRQ21LbGYvjeLpZZB6lfZ1BPwifHALGO6oIbyC3CmJe,Image kitchen my whatever.,https://splashbase.s3.amazonaws.com/unsplash/regular/tumblr_mp6sasSvPZ1st5lhmo1_1280.jpg,Kellyberg
rhodeskaitlyn@barnes.net,josephwright,https://randomuser.me/api/portraits/women/97.jpg,$2b$12$Q1PUFjhN/AWRQ21LbGYvjeLpZZB6lfZ1BPwifHALGO6oIbyC3CmJe,Back up beyond star tax together.,https://splashbase.s3.amazonaws.com/unsplash/regular/tumblr_mnh25vNOvI1st5lhmo1_1280.jpg,Kristinamouth
scottashley@gmail.com,lfreeman,https://randomuser.me/api/portraits/men/24.jpg,$2b$12$Q1PUFjhN/AWRQ21LbGYvjeLpZZB6lfZ1BPwifHALGO6oIbyC3CmJe,Continue hotel soon and item phone.,https://splashbase.s3.amazonaws.com/unsplash/regular/tumblr_mo2x3aAnRH1st5lhmo1_1280.jpg,North Herbertshire
gbruce@shepherd.com,sanchezvictoria,https://randomuser.me/api/portraits/women/57.jpg,$2b$12$Q1PUFjhN/AWRQ21LbGYvjeLpZZB6lfZ1BPwifHALGO6oIbyC3CmJe,Both statement laugh by.,https://splashbase.s3.amazonaws.com/unsplash/regular/tumblr_mo2x80NkDu1st5lhmo1_1280.jpg,Johnsonfort
susan35@petersen.com,cristinahernandez,https://randomuser.me/api/portraits/men/77.jpg,$2b$12$Q1PUFjhN/AWRQ21LbGYvjeLpZZB6lfZ1BPwifHALGO6oIbyC3CmJe,Course agreement probably attention eight general.,https://splashbase.s3.amazonaws.com/unsplash/regular/tumblr_mnh25vNOvI1st5lhmo1_1280.jpg,Tinaborough
krystal18@gmail.com,michael21,https://randomuser.me/api/portraits/women/79.jpg,$2b$12$Q1PUFjhN/AWRQ21LbGYvjeLpZZB6lfZ1BPwifHALGO6oIbyC3CmJe,On animal modern especially pull get.,https://splashbase.s3.amazonaws.com/unsplash/regular/tumblr_mopqc3ZZcz1st5lhmo1_1280.jpg,Port Daniel
williamsandrew@hotmail.com,diaznathan,https://randomuser.me/api/portraits/lego/9.jpg,$2b$12$Q1PUFjhN/AWRQ21LbGYvjeLpZZB6lfZ1BPwifHALGO6oIbyC3CmJe,Open ability activity process establish stand already.,https://splashbase.s3.amazonaws.com/unsplash/regular/tumblr_mnh0n9pHJW1st5lhmo1_1280.jpg,New Christopherborough
kyliegarcia@montgomery.org,garycole,https://randomuser.me/api/portraits/men/99.jpg,$2b$12$Q1PUFjhN/AWRQ21LbGYvjeLpZZB6lfZ1BPwifHALGO6oIbyC3CmJe,Question pass heart my goal them.,https://splashbase.s3.amazonaws.com/unsplash/regular/tumblr_mp6s1hAudo1st5lhmo1_1280.jpg,Grossport
wattslauren@watts-wright.com,andrewmorris,https://randomuser.me/api/portraits/men/7.jpg,$2b$12$Q1PUFjhN/AWRQ21LbGYvjeLpZZB6lfZ1BPwifHALGO6oIbyC3CmJe,Expert when use him there trouble.,https://splashbase.s3.amazonaws.com/unsplash/regular/tumblr_mp6s7lR1lS1st5lhmo1_1280.jpg,Lake Robert
molly60@gardner-jordan.com,jaclynellison,https://randomuser.me/api/portraits/men/66.jpg,$2b$12$Q1PUFjhN/AWRQ21LbGYvjeLpZZB6lfZ1BPwifHALGO6oIbyC3CmJe,Century under campaign.,https://splashbase.s3.amazonaws.com/unsplash/regular/tumblr_mpp6gwrYvm1st5lhmo1_1280.jpg,Port Katrinafurt
anthony78@yahoo.com,jennifer94,https://randomuser.me/api/portraits/women/87.jpg,$2b$12$Q1PUFjhN/AWRQ21LbGYvjeLpZZB6lfZ1BPwifHALGO6oIbyC3CmJe,Magazine to event year cause message stuff.,https://splashbase.s3.amazonaws.com/unsplash/regular/tumblr_mpp6f50W261st5lhmo1_1280.jpg,South Latasha
kristopherbanks@gmail.com,werneremily,https://randomuser.me/api/portraits/men/12.jpg,$2b$12$Q1PUFjhN/AWRQ21LbGYvjeLpZZB6lfZ1BPwifHALGO6oIbyC3CmJe,Social company light attack remember.,https://splashbase.s3.amazonaws.com/unsplash/regular/tumblr_mp6s32zb6l1st5lhmo1_1280.jpg,Nancyfort
jasonjohnson@terrell.com,johnwells,https://randomuser.me/api/portraits/men/23.jpg,$2b$12$Q1PUFjhN/AWRQ21LbGYvjeLpZZB6lfZ1BPwifHALGO6oIbyC3CmJe,Debate seat finish subject south policy green authority.,https://splashbase.s3.amazonaws.com/unsplash/regular/tumblr_mopq8fyQwI1st5lhmo1_1280.jpg,North Donaldmouth
markadams@hernandez-hill.info,qlee,https://randomuser.me/api/portraits/women/30.jpg,$2b$12$Q1PUFjhN/AWRQ21LbGYvjeLpZZB6lfZ1BPwifHALGO6oIbyC3CmJe,Imagine would open send security quite.,https://splashbase.s3.amazonaws.com/unsplash/regular/tumblr_mopq8fyQwI1st5lhmo1_1280.jpg,Stephanietown
robinsondrew@gonzalez-boyer.com,theresaburgess,https://randomuser.me/api/portraits/men/51.jpg,$2b$12$Q1PUFjhN/AWRQ21LbGYvjeLpZZB6lfZ1BPwifHALGO6oIbyC3CmJe,Major national chair at.,https://splashbase.s3.amazonaws.com/unsplash/regular/tumblr_mo1h6tGOZf1st5lhmo1_1280.jpg,Port Samuelfort
alexiskelley@yahoo.com,lgreer,https://randomuser.me/api/portraits/men/38.jpg,$2b$12$Q1PUFjhN/AWRQ21LbGYvjeLpZZB6lfZ1BPwifHALGO6oIbyC3CmJe,Sport capital since behind world firm.,https://splashbase.s3.amazonaws.com/unsplash/regular/tumblr_mopq8fyQwI1st5lhmo1_1280.jpg,Yangborough
jeffrey00@ramirez.com,blakeroberson,https://randomuser.me/api/portraits/men/73.jpg,$2b$12$Q1PUFjhN/AWRQ21LbGYvjeLpZZB6lfZ1BPwifHALGO6oIbyC3CmJe,Have market kid.,https://splashbase.s3.amazonaws.com/unsplash/regular/tumblr_mo2xgqdEFn1st5lhmo1_1280.jpg,Murrayburgh
qbooth@hotmail.com,alexander63,https://randomuser.me/api/portraits/women/9.jpg,$2b$12$Q1PUFjhN/AWRQ21LbGYvjeLpZZB6lfZ1BPwifHALGO6oIbyC3CmJe,Game interesting wind game staff Mr picture purpose.,https://splashbase.s3.amazonaws.com/unsplash/regular/tumblr_mpp6w0dxAm1st5lhmo1_1280.jpg,Ericton
avazquez@gmail.com,jennifervang,https://randomuser.me/api/portraits/women/21.jpg,$2b$12$Q1PUFjhN/AWRQ21LbGYvjeLpZZB6lfZ1BPwifHALGO6oIbyC3CmJe,Leave difference off whole design those look.,https://splashbase.s3.amazonaws.com/unsplash/regular/tumblr_mopqhxFulr1st5lhmo1_1280.jpg,Christopherstad
cookchristine@anderson-murphy.com,blakepoole,https://randomuser.me/api/portraits/men/43.jpg,$2b$12$Q1PUFjhN/AWRQ21LbGYvjeLpZZB6lfZ1BPwifHALGO6oIbyC3CmJe,Size hotel performance look process player.,https://splashbase.s3.amazonaws.com/unsplash/regular/tumblr_mnh2m1hnS81st5lhmo1_1280.jpg,Lake Scott
christopherchan@hotmail.com,seanprice,https://randomuser.me/api/portraits/women/2.jpg,$2b$12$Q1PUFjhN/AWRQ21LbGYvjeLpZZB6lfZ1BPwifHALGO6oIbyC3CmJe,Even answer whether around me general move animal.,https://splashbase.s3.amazonaws.com/unsplash/regular/tumblr_mopqc3ZZcz1st5lhmo1_1280.jpg,Aprilside
gaguilar@yahoo.com,michaelsims,https://randomuser.me/api/portraits/men/24.jpg,$2b$12$Q1PUFjhN/AWRQ21LbGYvjeLpZZB6lfZ1BPwifHALGO6oIbyC3CmJe,Majority his everybody.,https://splashbase.s3.amazonaws.com/unsplash/regular/tumblr_mp6rzyNlAN1st5lhmo1_1280.jpg,Bakerfurt
shanesteele@anderson-reynolds.com,garzachristopher,https://randomuser.me/api/portraits/men/15.jpg,$2b$12$Q1PUFjhN/AWRQ21LbGYvjeLpZZB6lfZ1BPwifHALGO6oIbyC3CmJe,National few road wall democratic nation series.,https://splashbase.s3.amazonaws.com/unsplash/regular/tumblr_mnh1jdFvHR1st5lhmo1_1280.jpg,Port Crystalhaven
larrycohen@yahoo.com,kramereric,https://randomuser.me/api/portraits/men/28.jpg,$2b$12$Q1PUFjhN/AWRQ21LbGYvjeLpZZB6lfZ1BPwifHALGO6oIbyC3CmJe,Still prepare seem data carry they southern.,https://splashbase.s3.amazonaws.com/unsplash/regular/tumblr_mp6rzyNlAN1st5lhmo1_1280.jpg,East Amy
ntrevino@martinez.com,zward,https://randomuser.me/api/portraits/men/33.jpg,$2b$12$Q1PUFjhN/AWRQ21LbGYvjeLpZZB6lfZ1BPwifHALGO6oIbyC3CmJe,Rock tend benefit oil require spend her finally.,https://splashbase.s3.amazonaws.com/unsplash/regular/tumblr_mp6s661UgK1st5lhmo1_1280.jpg,South Philip
pjohnson@gmail.com,erichorn,https://randomuser.me/api/portraits/men/43.jpg,$2b$12$Q1PUFjhN/AWRQ21LbGYvjeLpZZB6lfZ1BPwifHALGO6oIbyC3CmJe,Yard address degree present clear management.,https://splashbase.s3.amazonaws.com/unsplash/regular/tumblr_mp6rzyNlAN1st5lhmo1_1280.jpg,East Michaelhaven
jasonatkins@yates-james.com,moorerandy,https://randomuser.me/api/portraits/women/75.jpg,$2b$12$Q1PUFjhN/AWRQ21LbGYvjeLpZZB6lfZ1BPwifHALGO6oIbyC3CmJe,Away theory consumer how until kitchen.,https://splashbase.s3.amazonaws.com/unsplash/regular/tumblr_mopqamedKu1st5lhmo1_1280.jpg,East Nicolas
tiffanygarcia@hotmail.com,clewis,https://randomuser.me/api/portraits/men/98.jpg,$2b$12$Q1PUFjhN/AWRQ21LbGYvjeLpZZB6lfZ1BPwifHALGO6oIbyC3CmJe,Technology rule together similar week walk.,https://splashbase.s3.amazonaws.com/unsplash/regular/tumblr_mo1h6tGOZf1st5lhmo1_1280.jpg,Turnerburgh
danielnewman@hotmail.com,michelle82,https://randomuser.me/api/portraits/lego/4.jpg,$2b$12$Q1PUFjhN/AWRQ21LbGYvjeLpZZB6lfZ1BPwifHALGO6oIbyC3CmJe,Reason recently owner work significant personal.,https://splashbase.s3.amazonaws.com/unsplash/regular/tumblr_mnh29fxz111st5lhmo1_1280.jpg,Port Erinhaven
daniel13@jordan.com,gregory24,https://randomuser.me/api/portraits/women/93.jpg,$2b$12$Q1PUFjhN/AWRQ21LbGYvjeLpZZB6lfZ1BPwifHALGO6oIbyC3CmJe,Financial direction dream debate too.,https://splashbase.s3.amazonaws.com/unsplash/regular/tumblr_mo2xijE2nr1st5lhmo1_1280.jpg,Phillipsview
ldickerson@banks.com,valerie33,https://randomuser.me/api/portraits/men/10.jpg,$2b$12$Q1PUFjhN/AWRQ21LbGYvjeLpZZB6lfZ1BPwifHALGO6oIbyC3CmJe,Interesting there well specific drive finish.,https://splashbase.s3.amazonaws.com/unsplash/regular/tumblr_mp6s995bvI1st5lhmo1_1280.jpg,Waynemouth
tjohnson@ross-hess.com,joannehall,https://randomuser.me/api/portraits/men/52.jpg,$2b$12$Q1PUFjhN/AWRQ21LbGYvjeLpZZB6lfZ1BPwifHALGO6oIbyC3CmJe,Range difficult site seek.,https://splashbase.s3.amazonaws.com/unsplash/regular/tumblr_mo2x3aAnRH1st5lhmo1_1280.jpg,East Ricardoshire
ashley08@neal.com,roberta83,https://randomuser.me/api/portraits/women/96.jpg,$2b$12$Q1PUFjhN/AWRQ21LbGYvjeLpZZB6lfZ1BPwifHALGO6oIbyC3CmJe,Enter machine ahead high.,https://splashbase.s3.amazonaws.com/unsplash/regular/tumblr_mopqc3ZZcz1st5lhmo1_1280.jpg,North Stephanieberg
jacobsnow@hotmail.com,steven82,https://randomuser.me/api/portraits/women/95.jpg,$2b$12$Q1PUFjhN/AWRQ21LbGYvjeLpZZB6lfZ1BPwifHALGO6oIbyC3CmJe,Skill option experience.,https://splashbase.s3.amazonaws.com/unsplash/regular/tumblr_mo2xgqdEFn1st5lhmo1_1280.jpg,Audreyhaven
igomez@yahoo.com,mary58,https://randomuser.me/api/portraits/men/26.jpg,$2b$12$Q1PUFjhN/AWRQ21LbGYvjeLpZZB6lfZ1BPwifHALGO6oIbyC3CmJe,Minute economy recognize as company such myself.,https://splashbase.s3.amazonaws.com/unsplash/regular/tumblr_mp6s995bvI1st5lhmo1_1280.jpg,New Donnahaven
ayalathomas@smith.info,mjackson,https://randomuser.me/api/portraits/men/69.jpg,$2b$12$Q1PUFjhN/AWRQ21LbGYvjeLpZZB6lfZ1BPwifHALGO6oIbyC3CmJe,Low send little young weight let image speech.,https://splashbase.s3.amazonaws.com/unsplash/regular/tumblr_mopqfpSTPN1st5lhmo1_1280.jpg,West Anitaville
georgejon@baker.com,antonio78,https://randomuser.me/api/portraits/women/41.jpg,$2b$12$Q1PUFjhN/AWRQ21LbGYvjeLpZZB6lfZ1BPwifHALGO6oIbyC3CmJe,Action true water another.,https://splashbase.s3.amazonaws.com/unsplash/regular/tumblr_mnh2m1hnS81st5lhmo1_1280.jpg,East George
rodriguezkaren@gmail.com,william80,https://randomuser.me/api/portraits/men/73.jpg,$2b$12$Q1PUFjhN/AWRQ21LbGYvjeLpZZB6lfZ1BPwifHALGO6oIbyC3CmJe,Event law town environment life remember model.,https://splashbase.s3.amazonaws.com/unsplash/regular/tumblr_mpp6tjdFhf1st5lhmo1_1280.jpg,East Melinda
